id;legacy_id;user_id;module_id;permission_type;is_granted;created_at;created_by;updated_at;updated_by
1;1;409;;DASHBOARD;true;2026-01-30 07:04:11.847617+00;;2026-01-30 07:04:11.847617+00;
2;2;409;;EMPLOYER DETAILS;true;2026-01-30 07:04:11.847617+00;;2026-01-30 07:04:11.847617+00;
3;3;409;;EMPLOYEE;true;2026-01-30 07:04:11.847617+00;;2026-01-30 07:04:11.847617+00;
4;4;409;;USER MANAGEMENT;true;2026-01-30 07:04:11.847617+00;;2026-01-30 07:04:11.847617+00;
5;5;409;;PAYROLL PROCESS;true;2026-01-30 07:04:11.847617+00;;2026-01-30 07:04:11.847617+00;
6;6;409;;WAGES / CONTRIBUTION;true;2026-01-30 07:04:11.847617+00;;2026-01-30 07:04:11.847617+00;
7;7;409;;BACKUP/RESTORE DATABASE;true;2026-01-30 07:04:11.847617+00;;2026-01-30 07:04:11.847617+00;
8;8;409;;REPORTS;true;2026-01-30 07:04:11.847617+00;;2026-01-30 07:04:11.847617+00;
9;9;409;;SETTINGS;true;2026-01-30 07:04:11.847617+00;;2026-01-30 07:04:11.847617+00;
10;10;49;;DASHBOARD;true;2026-01-30 07:04:11.847617+00;;2026-01-30 07:04:11.847617+00;
11;11;49;;EMPLOYER DETAILS;true;2026-01-30 07:04:11.847617+00;;2026-01-30 07:04:11.847617+00;
12;12;49;;EMPLOYEE;true;2026-01-30 07:04:11.847617+00;;2026-01-30 07:04:11.847617+00;
13;13;49;;USER MANAGEMENT;true;2026-01-30 07:04:11.847617+00;;2026-01-30 07:04:11.847617+00;
14;14;49;;PAYROLL PROCESS;true;2026-01-30 07:04:11.847617+00;;2026-01-30 07:04:11.847617+00;
15;15;49;;WAGES / CONTRIBUTION;true;2026-01-30 07:04:11.847617+00;;2026-01-30 07:04:11.847617+00;
16;16;49;;BACKUP/RESTORE DATABASE;true;2026-01-30 07:04:11.847617+00;;2026-01-30 07:04:11.847617+00;
17;17;49;;REPORTS;true;2026-01-30 07:04:11.847617+00;;2026-01-30 07:04:11.847617+00;
18;18;49;;SETTINGS;true;2026-01-30 07:04:11.847617+00;;2026-01-30 07:04:11.847617+00;
19;19;74;;DASHBOARD;true;2026-01-30 07:04:11.847617+00;;2026-01-30 07:04:11.847617+00;
20;20;74;;EMPLOYER DETAILS;true;2026-01-30 07:04:11.847617+00;;2026-01-30 07:04:11.847617+00;
21;21;74;;EMPLOYEE;true;2026-01-30 07:04:11.847617+00;;2026-01-30 07:04:11.847617+00;
22;22;74;;USER MANAGEMENT;true;2026-01-30 07:04:11.847617+00;;2026-01-30 07:04:11.847617+00;
23;23;74;;PAYROLL PROCESS;true;2026-01-30 07:04:11.847617+00;;2026-01-30 07:04:11.847617+00;
24;24;74;;WAGES / CONTRIBUTION;true;2026-01-30 07:04:11.847617+00;;2026-01-30 07:04:11.847617+00;
25;25;74;;BACKUP/RESTORE DATABASE;true;2026-01-30 07:04:11.847617+00;;2026-01-30 07:04:11.847617+00;
26;26;74;;REPORTS;true;2026-01-30 07:04:11.847617+00;;2026-01-30 07:04:11.847617+00;
27;27;74;;SETTINGS;true;2026-01-30 07:04:11.847617+00;;2026-01-30 07:04:11.847617+00;
28;28;480;;DASHBOARD;true;2026-01-30 07:04:11.847617+00;;2026-01-30 07:04:11.847617+00;
29;29;480;;EMPLOYER DETAILS;true;2026-01-30 07:04:11.847617+00;;2026-01-30 07:04:11.847617+00;
30;30;480;;EMPLOYEE;true;2026-01-30 07:04:11.847617+00;;2026-01-30 07:04:11.847617+00;
31;31;480;;USER MANAGEMENT;true;2026-01-30 07:04:11.847617+00;;2026-01-30 07:04:11.847617+00;
32;32;480;;PAYROLL PROCESS;true;2026-01-30 07:04:11.847617+00;;2026-01-30 07:04:11.847617+00;
33;33;480;;WAGES / CONTRIBUTION;true;2026-01-30 07:04:11.847617+00;;2026-01-30 07:04:11.847617+00;
34;34;480;;BACKUP/RESTORE DATABASE;true;2026-01-30 07:04:11.847617+00;;2026-01-30 07:04:11.847617+00;
35;35;480;;REPORTS;true;2026-01-30 07:04:11.847617+00;;2026-01-30 07:04:11.847617+00;
36;36;480;;SETTINGS;true;2026-01-30 07:04:11.847617+00;;2026-01-30 07:04:11.847617+00;
37;37;528;;DASHBOARD;true;2026-01-30 07:04:11.847617+00;;2026-01-30 07:04:11.847617+00;
38;38;528;;EMPLOYER DETAILS;true;2026-01-30 07:04:11.847617+00;;2026-01-30 07:04:11.847617+00;
39;39;528;;EMPLOYEE;true;2026-01-30 07:04:11.847617+00;;2026-01-30 07:04:11.847617+00;
40;40;528;;USER MANAGEMENT;true;2026-01-30 07:04:11.847617+00;;2026-01-30 07:04:11.847617+00;
41;41;528;;PAYROLL PROCESS;true;2026-01-30 07:04:11.847617+00;;2026-01-30 07:04:11.847617+00;
42;42;528;;WAGES / CONTRIBUTION;true;2026-01-30 07:04:11.847617+00;;2026-01-30 07:04:11.847617+00;
43;43;528;;BACKUP/RESTORE DATABASE;true;2026-01-30 07:04:11.847617+00;;2026-01-30 07:04:11.847617+00;
44;44;528;;REPORTS;true;2026-01-30 07:04:11.847617+00;;2026-01-30 07:04:11.847617+00;
45;45;528;;SETTINGS;true;2026-01-30 07:04:11.847617+00;;2026-01-30 07:04:11.847617+00;
46;46;552;;DASHBOARD;true;2026-01-30 07:04:11.847617+00;;2026-01-30 07:04:11.847617+00;
47;47;552;;EMPLOYER DETAILS;true;2026-01-30 07:04:11.847617+00;;2026-01-30 07:04:11.847617+00;
48;48;552;;EMPLOYEE;true;2026-01-30 07:04:11.847617+00;;2026-01-30 07:04:11.847617+00;
49;49;552;;USER MANAGEMENT;true;2026-01-30 07:04:11.847617+00;;2026-01-30 07:04:11.847617+00;
50;50;552;;PAYROLL PROCESS;true;2026-01-30 07:04:11.847617+00;;2026-01-30 07:04:11.847617+00;
51;51;552;;WAGES / CONTRIBUTION;true;2026-01-30 07:04:11.847617+00;;2026-01-30 07:04:11.847617+00;
52;52;552;;BACKUP/RESTORE DATABASE;true;2026-01-30 07:04:11.847617+00;;2026-01-30 07:04:11.847617+00;
53;53;552;;REPORTS;true;2026-01-30 07:04:11.847617+00;;2026-01-30 07:04:11.847617+00;
54;54;552;;SETTINGS;true;2026-01-30 07:04:11.847617+00;;2026-01-30 07:04:11.847617+00;
55;55;98;;DASHBOARD;true;2026-01-30 07:04:11.847617+00;;2026-01-30 07:04:11.847617+00;
56;56;98;;EMPLOYER DETAILS;true;2026-01-30 07:04:11.847617+00;;2026-01-30 07:04:11.847617+00;
57;57;98;;EMPLOYEE;true;2026-01-30 07:04:11.847617+00;;2026-01-30 07:04:11.847617+00;
58;58;98;;USER MANAGEMENT;true;2026-01-30 07:04:11.847617+00;;2026-01-30 07:04:11.847617+00;
59;59;98;;PAYROLL PROCESS;true;2026-01-30 07:04:11.847617+00;;2026-01-30 07:04:11.847617+00;
60;60;98;;WAGES / CONTRIBUTION;true;2026-01-30 07:04:11.847617+00;;2026-01-30 07:04:11.847617+00;
61;61;98;;BACKUP/RESTORE DATABASE;true;2026-01-30 07:04:11.847617+00;;2026-01-30 07:04:11.847617+00;
62;62;98;;REPORTS;true;2026-01-30 07:04:11.847617+00;;2026-01-30 07:04:11.847617+00;
63;63;98;;SETTINGS;true;2026-01-30 07:04:11.847617+00;;2026-01-30 07:04:11.847617+00;
64;64;673;;DASHBOARD;true;2026-01-30 07:04:11.847617+00;;2026-01-30 07:04:11.847617+00;
65;65;673;;EMPLOYER DETAILS;true;2026-01-30 07:04:11.847617+00;;2026-01-30 07:04:11.847617+00;
66;66;673;;EMPLOYEE;true;2026-01-30 07:04:11.847617+00;;2026-01-30 07:04:11.847617+00;
67;67;673;;USER MANAGEMENT;true;2026-01-30 07:04:11.847617+00;;2026-01-30 07:04:11.847617+00;
68;68;673;;PAYROLL PROCESS;true;2026-01-30 07:04:11.847617+00;;2026-01-30 07:04:11.847617+00;
69;69;673;;WAGES / CONTRIBUTION;true;2026-01-30 07:04:11.847617+00;;2026-01-30 07:04:11.847617+00;
70;70;673;;BACKUP/RESTORE DATABASE;true;2026-01-30 07:04:11.847617+00;;2026-01-30 07:04:11.847617+00;
71;71;673;;REPORTS;true;2026-01-30 07:04:11.847617+00;;2026-01-30 07:04:11.847617+00;
72;72;673;;SETTINGS;true;2026-01-30 07:04:11.847617+00;;2026-01-30 07:04:11.847617+00;
73;73;731;;DASHBOARD;true;2026-01-30 07:04:11.847617+00;;2026-01-30 07:04:11.847617+00;
74;74;731;;EMPLOYER DETAILS;true;2026-01-30 07:04:11.847617+00;;2026-01-30 07:04:11.847617+00;
75;75;731;;EMPLOYEE;true;2026-01-30 07:04:11.847617+00;;2026-01-30 07:04:11.847617+00;
76;76;731;;USER MANAGEMENT;true;2026-01-30 07:04:11.847617+00;;2026-01-30 07:04:11.847617+00;
77;77;731;;PAYROLL PROCESS;true;2026-01-30 07:04:11.847617+00;;2026-01-30 07:04:11.847617+00;
78;78;731;;WAGES / CONTRIBUTION;true;2026-01-30 07:04:11.847617+00;;2026-01-30 07:04:11.847617+00;
79;79;731;;BACKUP/RESTORE DATABASE;true;2026-01-30 07:04:11.847617+00;;2026-01-30 07:04:11.847617+00;
80;80;731;;REPORTS;true;2026-01-30 07:04:11.847617+00;;2026-01-30 07:04:11.847617+00;
81;81;731;;SETTINGS;true;2026-01-30 07:04:11.847617+00;;2026-01-30 07:04:11.847617+00;
82;82;456;;DASHBOARD;true;2026-01-30 07:04:11.847617+00;;2026-01-30 07:04:11.847617+00;
83;83;456;;EMPLOYER DETAILS;true;2026-01-30 07:04:11.847617+00;;2026-01-30 07:04:11.847617+00;
84;84;456;;EMPLOYEE;true;2026-01-30 07:04:11.847617+00;;2026-01-30 07:04:11.847617+00;
85;85;456;;USER MANAGEMENT;true;2026-01-30 07:04:11.847617+00;;2026-01-30 07:04:11.847617+00;
86;86;456;;PAYROLL PROCESS;true;2026-01-30 07:04:11.847617+00;;2026-01-30 07:04:11.847617+00;
87;87;456;;WAGES / CONTRIBUTION;true;2026-01-30 07:04:11.847617+00;;2026-01-30 07:04:11.847617+00;
88;88;456;;BACKUP/RESTORE DATABASE;true;2026-01-30 07:04:11.847617+00;;2026-01-30 07:04:11.847617+00;
89;89;456;;REPORTS;true;2026-01-30 07:04:11.847617+00;;2026-01-30 07:04:11.847617+00;
90;90;456;;SETTINGS;true;2026-01-30 07:04:11.847617+00;;2026-01-30 07:04:11.847617+00;
91;91;732;;DASHBOARD;true;2026-01-30 07:04:11.847617+00;;2026-01-30 07:04:11.847617+00;
92;92;732;;EMPLOYER DETAILS;true;2026-01-30 07:04:11.847617+00;;2026-01-30 07:04:11.847617+00;
93;93;732;;EMPLOYEE;true;2026-01-30 07:04:11.847617+00;;2026-01-30 07:04:11.847617+00;
94;94;732;;USER MANAGEMENT;true;2026-01-30 07:04:11.847617+00;;2026-01-30 07:04:11.847617+00;
95;95;732;;PAYROLL PROCESS;true;2026-01-30 07:04:11.847617+00;;2026-01-30 07:04:11.847617+00;
96;96;732;;WAGES / CONTRIBUTION;true;2026-01-30 07:04:11.847617+00;;2026-01-30 07:04:11.847617+00;
97;97;732;;BACKUP/RESTORE DATABASE;true;2026-01-30 07:04:11.847617+00;;2026-01-30 07:04:11.847617+00;
98;98;732;;REPORTS;true;2026-01-30 07:04:11.847617+00;;2026-01-30 07:04:11.847617+00;
99;99;732;;SETTINGS;true;2026-01-30 07:04:11.847617+00;;2026-01-30 07:04:11.847617+00;
100;100;733;;DASHBOARD;true;2026-01-30 07:04:11.847617+00;;2026-01-30 07:04:11.847617+00;
101;101;733;;EMPLOYER DETAILS;true;2026-01-30 07:04:11.847617+00;;2026-01-30 07:04:11.847617+00;
102;102;733;;EMPLOYEE;true;2026-01-30 07:04:11.847617+00;;2026-01-30 07:04:11.847617+00;
103;103;733;;USER MANAGEMENT;true;2026-01-30 07:04:11.847617+00;;2026-01-30 07:04:11.847617+00;
104;104;733;;PAYROLL PROCESS;true;2026-01-30 07:04:11.847617+00;;2026-01-30 07:04:11.847617+00;
105;105;733;;WAGES / CONTRIBUTION;true;2026-01-30 07:04:11.847617+00;;2026-01-30 07:04:11.847617+00;
106;106;733;;BACKUP/RESTORE DATABASE;true;2026-01-30 07:04:11.847617+00;;2026-01-30 07:04:11.847617+00;
107;107;733;;REPORTS;true;2026-01-30 07:04:11.847617+00;;2026-01-30 07:04:11.847617+00;
108;108;733;;SETTINGS;true;2026-01-30 07:04:11.847617+00;;2026-01-30 07:04:11.847617+00;
109;109;576;;DASHBOARD;true;2026-01-30 07:04:11.847617+00;;2026-01-30 07:04:11.847617+00;
110;110;576;;EMPLOYER DETAILS;true;2026-01-30 07:04:11.847617+00;;2026-01-30 07:04:11.847617+00;
111;111;576;;EMPLOYEE;true;2026-01-30 07:04:11.847617+00;;2026-01-30 07:04:11.847617+00;
112;112;576;;USER MANAGEMENT;true;2026-01-30 07:04:11.847617+00;;2026-01-30 07:04:11.847617+00;
113;113;576;;PAYROLL PROCESS;true;2026-01-30 07:04:11.847617+00;;2026-01-30 07:04:11.847617+00;
114;114;576;;WAGES / CONTRIBUTION;true;2026-01-30 07:04:11.847617+00;;2026-01-30 07:04:11.847617+00;
115;115;576;;BACKUP/RESTORE DATABASE;true;2026-01-30 07:04:11.847617+00;;2026-01-30 07:04:11.847617+00;
116;116;576;;REPORTS;true;2026-01-30 07:04:11.847617+00;;2026-01-30 07:04:11.847617+00;
117;117;576;;SETTINGS;true;2026-01-30 07:04:11.847617+00;;2026-01-30 07:04:11.847617+00;
118;118;338;;DASHBOARD;true;2026-01-30 07:04:11.847617+00;;2026-01-30 07:04:11.847617+00;
119;119;338;;EMPLOYER DETAILS;true;2026-01-30 07:04:11.847617+00;;2026-01-30 07:04:11.847617+00;
120;120;338;;EMPLOYEE;true;2026-01-30 07:04:11.847617+00;;2026-01-30 07:04:11.847617+00;
121;121;338;;USER MANAGEMENT;true;2026-01-30 07:04:11.847617+00;;2026-01-30 07:04:11.847617+00;
122;122;338;;PAYROLL PROCESS;true;2026-01-30 07:04:11.847617+00;;2026-01-30 07:04:11.847617+00;
123;123;338;;WAGES / CONTRIBUTION;true;2026-01-30 07:04:11.847617+00;;2026-01-30 07:04:11.847617+00;
124;124;338;;BACKUP/RESTORE DATABASE;true;2026-01-30 07:04:11.847617+00;;2026-01-30 07:04:11.847617+00;
125;125;338;;REPORTS;true;2026-01-30 07:04:11.847617+00;;2026-01-30 07:04:11.847617+00;
126;126;338;;SETTINGS;true;2026-01-30 07:04:11.847617+00;;2026-01-30 07:04:11.847617+00;
127;127;265;;DASHBOARD;true;2026-01-30 07:04:11.847617+00;;2026-01-30 07:04:11.847617+00;
128;128;265;;EMPLOYER DETAILS;true;2026-01-30 07:04:11.847617+00;;2026-01-30 07:04:11.847617+00;
129;129;265;;EMPLOYEE;true;2026-01-30 07:04:11.847617+00;;2026-01-30 07:04:11.847617+00;
130;130;265;;USER MANAGEMENT;true;2026-01-30 07:04:11.847617+00;;2026-01-30 07:04:11.847617+00;
131;131;265;;PAYROLL PROCESS;true;2026-01-30 07:04:11.847617+00;;2026-01-30 07:04:11.847617+00;
132;132;265;;WAGES / CONTRIBUTION;true;2026-01-30 07:04:11.847617+00;;2026-01-30 07:04:11.847617+00;
133;133;265;;BACKUP/RESTORE DATABASE;true;2026-01-30 07:04:11.847617+00;;2026-01-30 07:04:11.847617+00;
134;134;265;;REPORTS;true;2026-01-30 07:04:11.847617+00;;2026-01-30 07:04:11.847617+00;
135;135;265;;SETTINGS;true;2026-01-30 07:04:11.847617+00;;2026-01-30 07:04:11.847617+00;
136;136;504;;DASHBOARD;true;2026-01-30 07:04:11.847617+00;;2026-01-30 07:04:11.847617+00;
137;137;504;;EMPLOYER DETAILS;true;2026-01-30 07:04:11.847617+00;;2026-01-30 07:04:11.847617+00;
138;138;504;;EMPLOYEE;true;2026-01-30 07:04:11.847617+00;;2026-01-30 07:04:11.847617+00;
139;139;504;;USER MANAGEMENT;true;2026-01-30 07:04:11.847617+00;;2026-01-30 07:04:11.847617+00;
140;140;504;;PAYROLL PROCESS;true;2026-01-30 07:04:11.847617+00;;2026-01-30 07:04:11.847617+00;
141;141;504;;WAGES / CONTRIBUTION;true;2026-01-30 07:04:11.847617+00;;2026-01-30 07:04:11.847617+00;
142;142;504;;BACKUP/RESTORE DATABASE;true;2026-01-30 07:04:11.847617+00;;2026-01-30 07:04:11.847617+00;
143;143;504;;REPORTS;true;2026-01-30 07:04:11.847617+00;;2026-01-30 07:04:11.847617+00;
144;144;504;;SETTINGS;true;2026-01-30 07:04:11.847617+00;;2026-01-30 07:04:11.847617+00;
145;145;241;;DASHBOARD;true;2026-01-30 07:04:11.847617+00;;2026-01-30 07:04:11.847617+00;
146;146;241;;EMPLOYER DETAILS;true;2026-01-30 07:04:11.847617+00;;2026-01-30 07:04:11.847617+00;
147;147;241;;EMPLOYEE;true;2026-01-30 07:04:11.847617+00;;2026-01-30 07:04:11.847617+00;
148;148;241;;USER MANAGEMENT;true;2026-01-30 07:04:11.847617+00;;2026-01-30 07:04:11.847617+00;
149;149;241;;PAYROLL PROCESS;true;2026-01-30 07:04:11.847617+00;;2026-01-30 07:04:11.847617+00;
150;150;241;;WAGES / CONTRIBUTION;true;2026-01-30 07:04:11.847617+00;;2026-01-30 07:04:11.847617+00;
151;151;241;;BACKUP/RESTORE DATABASE;true;2026-01-30 07:04:11.847617+00;;2026-01-30 07:04:11.847617+00;
152;152;241;;REPORTS;true;2026-01-30 07:04:11.847617+00;;2026-01-30 07:04:11.847617+00;
153;153;241;;SETTINGS;true;2026-01-30 07:04:11.847617+00;;2026-01-30 07:04:11.847617+00;
154;154;600;;DASHBOARD;true;2026-01-30 07:04:11.847617+00;;2026-01-30 07:04:11.847617+00;
155;155;600;;EMPLOYER DETAILS;true;2026-01-30 07:04:11.847617+00;;2026-01-30 07:04:11.847617+00;
156;156;600;;EMPLOYEE;true;2026-01-30 07:04:11.847617+00;;2026-01-30 07:04:11.847617+00;
157;157;600;;USER MANAGEMENT;true;2026-01-30 07:04:11.847617+00;;2026-01-30 07:04:11.847617+00;
158;158;600;;PAYROLL PROCESS;true;2026-01-30 07:04:11.847617+00;;2026-01-30 07:04:11.847617+00;
159;159;600;;WAGES / CONTRIBUTION;true;2026-01-30 07:04:11.847617+00;;2026-01-30 07:04:11.847617+00;
160;160;600;;BACKUP/RESTORE DATABASE;true;2026-01-30 07:04:11.847617+00;;2026-01-30 07:04:11.847617+00;
161;161;600;;REPORTS;true;2026-01-30 07:04:11.847617+00;;2026-01-30 07:04:11.847617+00;
162;162;600;;SETTINGS;true;2026-01-30 07:04:11.847617+00;;2026-01-30 07:04:11.847617+00;
163;163;147;;DASHBOARD;true;2026-01-30 07:04:11.847617+00;;2026-01-30 07:04:11.847617+00;
164;164;147;;EMPLOYER DETAILS;true;2026-01-30 07:04:11.847617+00;;2026-01-30 07:04:11.847617+00;
165;165;147;;EMPLOYEE;true;2026-01-30 07:04:11.847617+00;;2026-01-30 07:04:11.847617+00;
166;166;147;;USER MANAGEMENT;true;2026-01-30 07:04:11.847617+00;;2026-01-30 07:04:11.847617+00;
167;167;147;;PAYROLL PROCESS;true;2026-01-30 07:04:11.847617+00;;2026-01-30 07:04:11.847617+00;
168;168;147;;WAGES / CONTRIBUTION;true;2026-01-30 07:04:11.847617+00;;2026-01-30 07:04:11.847617+00;
169;169;147;;BACKUP/RESTORE DATABASE;true;2026-01-30 07:04:11.847617+00;;2026-01-30 07:04:11.847617+00;
170;170;147;;REPORTS;true;2026-01-30 07:04:11.847617+00;;2026-01-30 07:04:11.847617+00;
171;171;147;;SETTINGS;true;2026-01-30 07:04:11.847617+00;;2026-01-30 07:04:11.847617+00;
172;172;735;;DASHBOARD;true;2026-01-30 07:04:11.847617+00;;2026-01-30 07:04:11.847617+00;
173;173;735;;EMPLOYER DETAILS;true;2026-01-30 07:04:11.847617+00;;2026-01-30 07:04:11.847617+00;
174;174;735;;EMPLOYEE;true;2026-01-30 07:04:11.847617+00;;2026-01-30 07:04:11.847617+00;
175;175;735;;USER MANAGEMENT;true;2026-01-30 07:04:11.847617+00;;2026-01-30 07:04:11.847617+00;
176;176;735;;PAYROLL PROCESS;true;2026-01-30 07:04:11.847617+00;;2026-01-30 07:04:11.847617+00;
177;177;735;;WAGES / CONTRIBUTION;true;2026-01-30 07:04:11.847617+00;;2026-01-30 07:04:11.847617+00;
178;178;735;;BACKUP/RESTORE DATABASE;true;2026-01-30 07:04:11.847617+00;;2026-01-30 07:04:11.847617+00;
179;179;735;;REPORTS;true;2026-01-30 07:04:11.847617+00;;2026-01-30 07:04:11.847617+00;
180;180;735;;SETTINGS;true;2026-01-30 07:04:11.847617+00;;2026-01-30 07:04:11.847617+00;
181;181;625;;DASHBOARD;true;2026-01-30 07:04:11.847617+00;;2026-01-30 07:04:11.847617+00;
182;182;625;;EMPLOYER DETAILS;true;2026-01-30 07:04:11.847617+00;;2026-01-30 07:04:11.847617+00;
183;183;625;;EMPLOYEE;true;2026-01-30 07:04:11.847617+00;;2026-01-30 07:04:11.847617+00;
184;184;625;;USER MANAGEMENT;true;2026-01-30 07:04:11.847617+00;;2026-01-30 07:04:11.847617+00;
185;185;625;;PAYROLL PROCESS;true;2026-01-30 07:04:11.847617+00;;2026-01-30 07:04:11.847617+00;
186;186;625;;WAGES / CONTRIBUTION;true;2026-01-30 07:04:11.847617+00;;2026-01-30 07:04:11.847617+00;
187;187;625;;BACKUP/RESTORE DATABASE;true;2026-01-30 07:04:11.847617+00;;2026-01-30 07:04:11.847617+00;
188;188;625;;REPORTS;true;2026-01-30 07:04:11.847617+00;;2026-01-30 07:04:11.847617+00;
189;189;625;;SETTINGS;true;2026-01-30 07:04:11.847617+00;;2026-01-30 07:04:11.847617+00;
190;190;737;;DASHBOARD;true;2026-01-30 07:04:11.847617+00;;2026-01-30 07:04:11.847617+00;
191;191;737;;EMPLOYER DETAILS;true;2026-01-30 07:04:11.847617+00;;2026-01-30 07:04:11.847617+00;
192;192;737;;EMPLOYEE;true;2026-01-30 07:04:11.847617+00;;2026-01-30 07:04:11.847617+00;
193;193;737;;USER MANAGEMENT;true;2026-01-30 07:04:11.847617+00;;2026-01-30 07:04:11.847617+00;
194;194;737;;PAYROLL PROCESS;true;2026-01-30 07:04:11.847617+00;;2026-01-30 07:04:11.847617+00;
195;195;737;;WAGES / CONTRIBUTION;true;2026-01-30 07:04:11.847617+00;;2026-01-30 07:04:11.847617+00;
196;196;737;;BACKUP/RESTORE DATABASE;true;2026-01-30 07:04:11.847617+00;;2026-01-30 07:04:11.847617+00;
197;197;737;;REPORTS;true;2026-01-30 07:04:11.847617+00;;2026-01-30 07:04:11.847617+00;
198;198;737;;SETTINGS;true;2026-01-30 07:04:11.847617+00;;2026-01-30 07:04:11.847617+00;
199;199;171;;DASHBOARD;true;2026-01-30 07:04:11.847617+00;;2026-01-30 07:04:11.847617+00;
200;200;171;;EMPLOYER DETAILS;true;2026-01-30 07:04:11.847617+00;;2026-01-30 07:04:11.847617+00;
201;201;171;;EMPLOYEE;true;2026-01-30 07:04:11.847617+00;;2026-01-30 07:04:11.847617+00;
202;202;171;;USER MANAGEMENT;true;2026-01-30 07:04:11.847617+00;;2026-01-30 07:04:11.847617+00;
203;203;171;;PAYROLL PROCESS;true;2026-01-30 07:04:11.847617+00;;2026-01-30 07:04:11.847617+00;
204;204;171;;WAGES / CONTRIBUTION;true;2026-01-30 07:04:11.847617+00;;2026-01-30 07:04:11.847617+00;
205;205;171;;BACKUP/RESTORE DATABASE;true;2026-01-30 07:04:11.847617+00;;2026-01-30 07:04:11.847617+00;
206;206;171;;REPORTS;true;2026-01-30 07:04:11.847617+00;;2026-01-30 07:04:11.847617+00;
207;207;171;;SETTINGS;true;2026-01-30 07:04:11.847617+00;;2026-01-30 07:04:11.847617+00;
208;208;674;;DASHBOARD;true;2026-01-30 07:04:11.847617+00;;2026-01-30 07:04:11.847617+00;
209;209;674;;EMPLOYER DETAILS;true;2026-01-30 07:04:11.847617+00;;2026-01-30 07:04:11.847617+00;
210;210;674;;EMPLOYEE;true;2026-01-30 07:04:11.847617+00;;2026-01-30 07:04:11.847617+00;
211;211;674;;USER MANAGEMENT;true;2026-01-30 07:04:11.847617+00;;2026-01-30 07:04:11.847617+00;
212;212;674;;PAYROLL PROCESS;true;2026-01-30 07:04:11.847617+00;;2026-01-30 07:04:11.847617+00;
213;213;674;;WAGES / CONTRIBUTION;true;2026-01-30 07:04:11.847617+00;;2026-01-30 07:04:11.847617+00;
214;214;674;;BACKUP/RESTORE DATABASE;true;2026-01-30 07:04:11.847617+00;;2026-01-30 07:04:11.847617+00;
215;215;674;;REPORTS;true;2026-01-30 07:04:11.847617+00;;2026-01-30 07:04:11.847617+00;
216;216;674;;SETTINGS;true;2026-01-30 07:04:11.847617+00;;2026-01-30 07:04:11.847617+00;
217;217;745;;DASHBOARD;true;2026-01-30 07:04:11.847617+00;;2026-01-30 07:04:11.847617+00;
218;218;745;;EMPLOYER DETAILS;true;2026-01-30 07:04:11.847617+00;;2026-01-30 07:04:11.847617+00;
219;219;745;;EMPLOYEE;true;2026-01-30 07:04:11.847617+00;;2026-01-30 07:04:11.847617+00;
220;220;745;;USER MANAGEMENT;true;2026-01-30 07:04:11.847617+00;;2026-01-30 07:04:11.847617+00;
221;221;745;;PAYROLL PROCESS;true;2026-01-30 07:04:11.847617+00;;2026-01-30 07:04:11.847617+00;
222;222;745;;WAGES / CONTRIBUTION;true;2026-01-30 07:04:11.847617+00;;2026-01-30 07:04:11.847617+00;
223;223;745;;BACKUP/RESTORE DATABASE;true;2026-01-30 07:04:11.847617+00;;2026-01-30 07:04:11.847617+00;
224;224;745;;REPORTS;true;2026-01-30 07:04:11.847617+00;;2026-01-30 07:04:11.847617+00;
225;225;745;;SETTINGS;true;2026-01-30 07:04:11.847617+00;;2026-01-30 07:04:11.847617+00;
226;226;748;;DASHBOARD;true;2026-01-30 07:04:11.847617+00;;2026-01-30 07:04:11.847617+00;
227;227;748;;EMPLOYER DETAILS;true;2026-01-30 07:04:11.847617+00;;2026-01-30 07:04:11.847617+00;
228;228;748;;EMPLOYEE;true;2026-01-30 07:04:11.847617+00;;2026-01-30 07:04:11.847617+00;
229;229;748;;USER MANAGEMENT;true;2026-01-30 07:04:11.847617+00;;2026-01-30 07:04:11.847617+00;
230;230;748;;PAYROLL PROCESS;true;2026-01-30 07:04:11.847617+00;;2026-01-30 07:04:11.847617+00;
231;231;748;;WAGES / CONTRIBUTION;true;2026-01-30 07:04:11.847617+00;;2026-01-30 07:04:11.847617+00;
232;232;748;;BACKUP/RESTORE DATABASE;true;2026-01-30 07:04:11.847617+00;;2026-01-30 07:04:11.847617+00;
233;233;748;;REPORTS;true;2026-01-30 07:04:11.847617+00;;2026-01-30 07:04:11.847617+00;
234;234;748;;SETTINGS;true;2026-01-30 07:04:11.847617+00;;2026-01-30 07:04:11.847617+00;
235;235;744;;DASHBOARD;true;2026-01-30 07:04:11.847617+00;;2026-01-30 07:04:11.847617+00;
236;236;744;;EMPLOYER DETAILS;true;2026-01-30 07:04:11.847617+00;;2026-01-30 07:04:11.847617+00;
237;237;744;;EMPLOYEE;true;2026-01-30 07:04:11.847617+00;;2026-01-30 07:04:11.847617+00;
238;238;744;;USER MANAGEMENT;true;2026-01-30 07:04:11.847617+00;;2026-01-30 07:04:11.847617+00;
239;239;744;;PAYROLL PROCESS;true;2026-01-30 07:04:11.847617+00;;2026-01-30 07:04:11.847617+00;
240;240;744;;WAGES / CONTRIBUTION;true;2026-01-30 07:04:11.847617+00;;2026-01-30 07:04:11.847617+00;
241;241;744;;BACKUP/RESTORE DATABASE;true;2026-01-30 07:04:11.847617+00;;2026-01-30 07:04:11.847617+00;
242;242;744;;REPORTS;true;2026-01-30 07:04:11.847617+00;;2026-01-30 07:04:11.847617+00;
243;243;744;;SETTINGS;true;2026-01-30 07:04:11.847617+00;;2026-01-30 07:04:11.847617+00;
244;244;749;;DASHBOARD;true;2026-01-30 07:04:11.847617+00;;2026-01-30 07:04:11.847617+00;
245;245;749;;EMPLOYER DETAILS;true;2026-01-30 07:04:11.847617+00;;2026-01-30 07:04:11.847617+00;
246;246;749;;EMPLOYEE;true;2026-01-30 07:04:11.847617+00;;2026-01-30 07:04:11.847617+00;
247;247;749;;USER MANAGEMENT;true;2026-01-30 07:04:11.847617+00;;2026-01-30 07:04:11.847617+00;
248;248;749;;PAYROLL PROCESS;true;2026-01-30 07:04:11.847617+00;;2026-01-30 07:04:11.847617+00;
249;249;749;;WAGES / CONTRIBUTION;true;2026-01-30 07:04:11.847617+00;;2026-01-30 07:04:11.847617+00;
250;250;749;;BACKUP/RESTORE DATABASE;true;2026-01-30 07:04:11.847617+00;;2026-01-30 07:04:11.847617+00;
251;251;749;;REPORTS;true;2026-01-30 07:04:11.847617+00;;2026-01-30 07:04:11.847617+00;
252;252;749;;SETTINGS;true;2026-01-30 07:04:11.847617+00;;2026-01-30 07:04:11.847617+00;
253;253;750;;DASHBOARD;true;2026-01-30 07:04:11.847617+00;;2026-01-30 07:04:11.847617+00;
254;254;750;;EMPLOYER DETAILS;true;2026-01-30 07:04:11.847617+00;;2026-01-30 07:04:11.847617+00;
255;255;750;;EMPLOYEE;true;2026-01-30 07:04:11.847617+00;;2026-01-30 07:04:11.847617+00;
256;256;750;;USER MANAGEMENT;true;2026-01-30 07:04:11.847617+00;;2026-01-30 07:04:11.847617+00;
257;257;750;;PAYROLL PROCESS;true;2026-01-30 07:04:11.847617+00;;2026-01-30 07:04:11.847617+00;
258;258;750;;WAGES / CONTRIBUTION;true;2026-01-30 07:04:11.847617+00;;2026-01-30 07:04:11.847617+00;
259;259;750;;BACKUP/RESTORE DATABASE;true;2026-01-30 07:04:11.847617+00;;2026-01-30 07:04:11.847617+00;
260;260;750;;REPORTS;true;2026-01-30 07:04:11.847617+00;;2026-01-30 07:04:11.847617+00;
261;261;750;;SETTINGS;true;2026-01-30 07:04:11.847617+00;;2026-01-30 07:04:11.847617+00;
262;262;753;;DASHBOARD;true;2026-01-30 07:04:11.847617+00;;2026-01-30 07:04:11.847617+00;
263;263;753;;EMPLOYER DETAILS;true;2026-01-30 07:04:11.847617+00;;2026-01-30 07:04:11.847617+00;
264;264;753;;EMPLOYEE;true;2026-01-30 07:04:11.847617+00;;2026-01-30 07:04:11.847617+00;
265;265;753;;USER MANAGEMENT;true;2026-01-30 07:04:11.847617+00;;2026-01-30 07:04:11.847617+00;
266;266;753;;PAYROLL PROCESS;true;2026-01-30 07:04:11.847617+00;;2026-01-30 07:04:11.847617+00;
267;267;753;;WAGES / CONTRIBUTION;true;2026-01-30 07:04:11.847617+00;;2026-01-30 07:04:11.847617+00;
268;268;753;;BACKUP/RESTORE DATABASE;true;2026-01-30 07:04:11.847617+00;;2026-01-30 07:04:11.847617+00;
269;269;753;;REPORTS;true;2026-01-30 07:04:11.847617+00;;2026-01-30 07:04:11.847617+00;
270;270;753;;SETTINGS;true;2026-01-30 07:04:11.847617+00;;2026-01-30 07:04:11.847617+00;
271;271;754;;DASHBOARD;true;2026-01-30 07:04:11.847617+00;;2026-01-30 07:04:11.847617+00;
272;272;754;;EMPLOYER DETAILS;true;2026-01-30 07:04:11.847617+00;;2026-01-30 07:04:11.847617+00;
273;273;754;;EMPLOYEE;true;2026-01-30 07:04:11.847617+00;;2026-01-30 07:04:11.847617+00;
274;274;754;;USER MANAGEMENT;true;2026-01-30 07:04:11.847617+00;;2026-01-30 07:04:11.847617+00;
275;275;754;;PAYROLL PROCESS;true;2026-01-30 07:04:11.847617+00;;2026-01-30 07:04:11.847617+00;
276;276;754;;WAGES / CONTRIBUTION;true;2026-01-30 07:04:11.847617+00;;2026-01-30 07:04:11.847617+00;
277;277;754;;BACKUP/RESTORE DATABASE;true;2026-01-30 07:04:11.847617+00;;2026-01-30 07:04:11.847617+00;
278;278;754;;REPORTS;true;2026-01-30 07:04:11.847617+00;;2026-01-30 07:04:11.847617+00;
279;279;754;;SETTINGS;true;2026-01-30 07:04:11.847617+00;;2026-01-30 07:04:11.847617+00;
280;280;746;;DASHBOARD;true;2026-01-30 07:04:11.847617+00;;2026-01-30 07:04:11.847617+00;
281;281;746;;EMPLOYER DETAILS;true;2026-01-30 07:04:11.847617+00;;2026-01-30 07:04:11.847617+00;
282;282;746;;EMPLOYEE;true;2026-01-30 07:04:11.847617+00;;2026-01-30 07:04:11.847617+00;
283;283;746;;USER MANAGEMENT;true;2026-01-30 07:04:11.847617+00;;2026-01-30 07:04:11.847617+00;
284;284;746;;PAYROLL PROCESS;true;2026-01-30 07:04:11.847617+00;;2026-01-30 07:04:11.847617+00;
285;285;746;;WAGES / CONTRIBUTION;true;2026-01-30 07:04:11.847617+00;;2026-01-30 07:04:11.847617+00;
286;286;746;;BACKUP/RESTORE DATABASE;true;2026-01-30 07:04:11.847617+00;;2026-01-30 07:04:11.847617+00;
287;287;746;;REPORTS;true;2026-01-30 07:04:11.847617+00;;2026-01-30 07:04:11.847617+00;
288;288;746;;SETTINGS;true;2026-01-30 07:04:11.847617+00;;2026-01-30 07:04:11.847617+00;
289;1271;755;;DASHBOARD;true;2026-01-30 07:04:11.847617+00;;2026-01-30 07:04:11.847617+00;
290;1272;755;;EMPLOYER DETAILS;true;2026-01-30 07:04:11.847617+00;;2026-01-30 07:04:11.847617+00;
291;1273;755;;EMPLOYEE;true;2026-01-30 07:04:11.847617+00;;2026-01-30 07:04:11.847617+00;
292;1274;755;;USER MANAGEMENT;true;2026-01-30 07:04:11.847617+00;;2026-01-30 07:04:11.847617+00;
293;1275;755;;PAYROLL PROCESS;true;2026-01-30 07:04:11.847617+00;;2026-01-30 07:04:11.847617+00;
294;1276;755;;WAGES / CONTRIBUTION;true;2026-01-30 07:04:11.847617+00;;2026-01-30 07:04:11.847617+00;
295;1277;755;;BACKUP/RESTORE DATABASE;true;2026-01-30 07:04:11.847617+00;;2026-01-30 07:04:11.847617+00;
296;1278;755;;REPORTS;true;2026-01-30 07:04:11.847617+00;;2026-01-30 07:04:11.847617+00;
297;1279;755;;SETTINGS;true;2026-01-30 07:04:11.847617+00;;2026-01-30 07:04:11.847617+00;
298;1280;756;;DASHBOARD;true;2026-01-30 07:04:11.847617+00;;2026-01-30 07:04:11.847617+00;
299;1281;756;;EMPLOYER DETAILS;true;2026-01-30 07:04:11.847617+00;;2026-01-30 07:04:11.847617+00;
300;1282;756;;EMPLOYEE;true;2026-01-30 07:04:11.847617+00;;2026-01-30 07:04:11.847617+00;
301;1283;756;;USER MANAGEMENT;true;2026-01-30 07:04:11.847617+00;;2026-01-30 07:04:11.847617+00;
302;1284;756;;PAYROLL PROCESS;true;2026-01-30 07:04:11.847617+00;;2026-01-30 07:04:11.847617+00;
303;1285;756;;WAGES / CONTRIBUTION;true;2026-01-30 07:04:11.847617+00;;2026-01-30 07:04:11.847617+00;
304;1286;756;;BACKUP/RESTORE DATABASE;true;2026-01-30 07:04:11.847617+00;;2026-01-30 07:04:11.847617+00;
305;1287;756;;REPORTS;true;2026-01-30 07:04:11.847617+00;;2026-01-30 07:04:11.847617+00;
306;1288;756;;SETTINGS;true;2026-01-30 07:04:11.847617+00;;2026-01-30 07:04:11.847617+00;
307;1289;771;;DASHBOARD;true;2026-01-30 07:04:11.847617+00;;2026-01-30 07:04:11.847617+00;
308;1290;771;;EMPLOYER DETAILS;true;2026-01-30 07:04:11.847617+00;;2026-01-30 07:04:11.847617+00;
309;1291;771;;EMPLOYEE;true;2026-01-30 07:04:11.847617+00;;2026-01-30 07:04:11.847617+00;
310;1292;771;;USER MANAGEMENT;true;2026-01-30 07:04:11.847617+00;;2026-01-30 07:04:11.847617+00;
311;1293;771;;PAYROLL PROCESS;true;2026-01-30 07:04:11.847617+00;;2026-01-30 07:04:11.847617+00;
312;1294;771;;WAGES / CONTRIBUTION;true;2026-01-30 07:04:11.847617+00;;2026-01-30 07:04:11.847617+00;
313;1295;771;;BACKUP/RESTORE DATABASE;true;2026-01-30 07:04:11.847617+00;;2026-01-30 07:04:11.847617+00;
314;1296;771;;REPORTS;true;2026-01-30 07:04:11.847617+00;;2026-01-30 07:04:11.847617+00;
315;1297;771;;SETTINGS;true;2026-01-30 07:04:11.847617+00;;2026-01-30 07:04:11.847617+00;
316;1298;757;;DASHBOARD;true;2026-01-30 07:04:11.847617+00;;2026-01-30 07:04:11.847617+00;
317;1299;757;;EMPLOYER DETAILS;true;2026-01-30 07:04:11.847617+00;;2026-01-30 07:04:11.847617+00;
318;1300;757;;EMPLOYEE;true;2026-01-30 07:04:11.847617+00;;2026-01-30 07:04:11.847617+00;
319;1301;757;;USER MANAGEMENT;true;2026-01-30 07:04:11.847617+00;;2026-01-30 07:04:11.847617+00;
320;1302;757;;PAYROLL PROCESS;true;2026-01-30 07:04:11.847617+00;;2026-01-30 07:04:11.847617+00;
321;1303;757;;WAGES / CONTRIBUTION;true;2026-01-30 07:04:11.847617+00;;2026-01-30 07:04:11.847617+00;
322;1304;757;;BACKUP/RESTORE DATABASE;true;2026-01-30 07:04:11.847617+00;;2026-01-30 07:04:11.847617+00;
323;1305;757;;REPORTS;true;2026-01-30 07:04:11.847617+00;;2026-01-30 07:04:11.847617+00;
324;1306;757;;SETTINGS;true;2026-01-30 07:04:11.847617+00;;2026-01-30 07:04:11.847617+00;
325;1307;747;;DASHBOARD;true;2026-01-30 07:04:11.847617+00;;2026-01-30 07:04:11.847617+00;
326;1308;747;;EMPLOYER DETAILS;true;2026-01-30 07:04:11.847617+00;;2026-01-30 07:04:11.847617+00;
327;1309;747;;EMPLOYEE;true;2026-01-30 07:04:11.847617+00;;2026-01-30 07:04:11.847617+00;
328;1310;747;;USER MANAGEMENT;true;2026-01-30 07:04:11.847617+00;;2026-01-30 07:04:11.847617+00;
329;1311;747;;PAYROLL PROCESS;true;2026-01-30 07:04:11.847617+00;;2026-01-30 07:04:11.847617+00;
330;1312;747;;WAGES / CONTRIBUTION;true;2026-01-30 07:04:11.847617+00;;2026-01-30 07:04:11.847617+00;
331;1313;747;;BACKUP/RESTORE DATABASE;true;2026-01-30 07:04:11.847617+00;;2026-01-30 07:04:11.847617+00;
332;1314;747;;REPORTS;true;2026-01-30 07:04:11.847617+00;;2026-01-30 07:04:11.847617+00;
333;1315;747;;SETTINGS;true;2026-01-30 07:04:11.847617+00;;2026-01-30 07:04:11.847617+00;
334;1316;791;;DASHBOARD;true;2026-01-30 07:04:11.847617+00;;2026-01-30 07:04:11.847617+00;
335;1317;791;;EMPLOYER DETAILS;true;2026-01-30 07:04:11.847617+00;;2026-01-30 07:04:11.847617+00;
336;1318;791;;EMPLOYEE;true;2026-01-30 07:04:11.847617+00;;2026-01-30 07:04:11.847617+00;
337;1319;791;;USER MANAGEMENT;true;2026-01-30 07:04:11.847617+00;;2026-01-30 07:04:11.847617+00;
338;1320;791;;PAYROLL PROCESS;true;2026-01-30 07:04:11.847617+00;;2026-01-30 07:04:11.847617+00;
339;1321;791;;WAGES / CONTRIBUTION;true;2026-01-30 07:04:11.847617+00;;2026-01-30 07:04:11.847617+00;
340;1322;791;;BACKUP/RESTORE DATABASE;true;2026-01-30 07:04:11.847617+00;;2026-01-30 07:04:11.847617+00;
341;1323;791;;REPORTS;true;2026-01-30 07:04:11.847617+00;;2026-01-30 07:04:11.847617+00;
342;1324;791;;SETTINGS;true;2026-01-30 07:04:11.847617+00;;2026-01-30 07:04:11.847617+00;
343;1325;740;;DASHBOARD;true;2026-01-30 07:04:11.847617+00;;2026-01-30 07:04:11.847617+00;
344;1326;740;;EMPLOYER DETAILS;true;2026-01-30 07:04:11.847617+00;;2026-01-30 07:04:11.847617+00;
345;1327;740;;EMPLOYEE;true;2026-01-30 07:04:11.847617+00;;2026-01-30 07:04:11.847617+00;
346;1328;740;;USER MANAGEMENT;true;2026-01-30 07:04:11.847617+00;;2026-01-30 07:04:11.847617+00;
347;1329;740;;PAYROLL PROCESS;true;2026-01-30 07:04:11.847617+00;;2026-01-30 07:04:11.847617+00;
348;1330;740;;WAGES / CONTRIBUTION;true;2026-01-30 07:04:11.847617+00;;2026-01-30 07:04:11.847617+00;
349;1331;740;;BACKUP/RESTORE DATABASE;true;2026-01-30 07:04:11.847617+00;;2026-01-30 07:04:11.847617+00;
350;1332;740;;REPORTS;true;2026-01-30 07:04:11.847617+00;;2026-01-30 07:04:11.847617+00;
351;1333;740;;SETTINGS;true;2026-01-30 07:04:11.847617+00;;2026-01-30 07:04:11.847617+00;
352;1334;758;;DASHBOARD;true;2026-01-30 07:04:11.847617+00;;2026-01-30 07:04:11.847617+00;
353;1335;758;;EMPLOYER DETAILS;true;2026-01-30 07:04:11.847617+00;;2026-01-30 07:04:11.847617+00;
354;1336;758;;EMPLOYEE;true;2026-01-30 07:04:11.847617+00;;2026-01-30 07:04:11.847617+00;
355;1337;758;;USER MANAGEMENT;true;2026-01-30 07:04:11.847617+00;;2026-01-30 07:04:11.847617+00;
356;1338;758;;PAYROLL PROCESS;true;2026-01-30 07:04:11.847617+00;;2026-01-30 07:04:11.847617+00;
357;1339;758;;WAGES / CONTRIBUTION;true;2026-01-30 07:04:11.847617+00;;2026-01-30 07:04:11.847617+00;
358;1340;758;;BACKUP/RESTORE DATABASE;true;2026-01-30 07:04:11.847617+00;;2026-01-30 07:04:11.847617+00;
359;1341;758;;REPORTS;true;2026-01-30 07:04:11.847617+00;;2026-01-30 07:04:11.847617+00;
360;1342;758;;SETTINGS;true;2026-01-30 07:04:11.847617+00;;2026-01-30 07:04:11.847617+00;
361;1343;741;;DASHBOARD;true;2026-01-30 07:04:11.847617+00;;2026-01-30 07:04:11.847617+00;
362;1344;741;;EMPLOYER DETAILS;true;2026-01-30 07:04:11.847617+00;;2026-01-30 07:04:11.847617+00;
363;1345;741;;EMPLOYEE;true;2026-01-30 07:04:11.847617+00;;2026-01-30 07:04:11.847617+00;
364;1346;741;;USER MANAGEMENT;true;2026-01-30 07:04:11.847617+00;;2026-01-30 07:04:11.847617+00;
365;1347;741;;PAYROLL PROCESS;true;2026-01-30 07:04:11.847617+00;;2026-01-30 07:04:11.847617+00;
366;1348;741;;WAGES / CONTRIBUTION;true;2026-01-30 07:04:11.847617+00;;2026-01-30 07:04:11.847617+00;
367;1349;741;;BACKUP/RESTORE DATABASE;true;2026-01-30 07:04:11.847617+00;;2026-01-30 07:04:11.847617+00;
368;1350;741;;REPORTS;true;2026-01-30 07:04:11.847617+00;;2026-01-30 07:04:11.847617+00;
369;1351;741;;SETTINGS;true;2026-01-30 07:04:11.847617+00;;2026-01-30 07:04:11.847617+00;
370;1352;759;;DASHBOARD;true;2026-01-30 07:04:11.847617+00;;2026-01-30 07:04:11.847617+00;
371;1353;759;;EMPLOYER DETAILS;true;2026-01-30 07:04:11.847617+00;;2026-01-30 07:04:11.847617+00;
372;1354;759;;EMPLOYEE;true;2026-01-30 07:04:11.847617+00;;2026-01-30 07:04:11.847617+00;
373;1355;759;;USER MANAGEMENT;true;2026-01-30 07:04:11.847617+00;;2026-01-30 07:04:11.847617+00;
374;1356;759;;PAYROLL PROCESS;true;2026-01-30 07:04:11.847617+00;;2026-01-30 07:04:11.847617+00;
375;1357;759;;WAGES / CONTRIBUTION;true;2026-01-30 07:04:11.847617+00;;2026-01-30 07:04:11.847617+00;
376;1358;759;;BACKUP/RESTORE DATABASE;true;2026-01-30 07:04:11.847617+00;;2026-01-30 07:04:11.847617+00;
377;1359;759;;REPORTS;true;2026-01-30 07:04:11.847617+00;;2026-01-30 07:04:11.847617+00;
378;1360;759;;SETTINGS;true;2026-01-30 07:04:11.847617+00;;2026-01-30 07:04:11.847617+00;
379;1361;760;;DASHBOARD;true;2026-01-30 07:04:11.847617+00;;2026-01-30 07:04:11.847617+00;
380;1362;760;;EMPLOYER DETAILS;true;2026-01-30 07:04:11.847617+00;;2026-01-30 07:04:11.847617+00;
381;1363;760;;EMPLOYEE;true;2026-01-30 07:04:11.847617+00;;2026-01-30 07:04:11.847617+00;
382;1364;760;;USER MANAGEMENT;true;2026-01-30 07:04:11.847617+00;;2026-01-30 07:04:11.847617+00;
383;1365;760;;PAYROLL PROCESS;true;2026-01-30 07:04:11.847617+00;;2026-01-30 07:04:11.847617+00;
384;1366;760;;WAGES / CONTRIBUTION;true;2026-01-30 07:04:11.847617+00;;2026-01-30 07:04:11.847617+00;
385;1367;760;;BACKUP/RESTORE DATABASE;true;2026-01-30 07:04:11.847617+00;;2026-01-30 07:04:11.847617+00;
386;1368;760;;REPORTS;true;2026-01-30 07:04:11.847617+00;;2026-01-30 07:04:11.847617+00;
387;1369;760;;SETTINGS;true;2026-01-30 07:04:11.847617+00;;2026-01-30 07:04:11.847617+00;
388;1370;819;;DASHBOARD;true;2026-01-30 07:04:11.847617+00;;2026-01-30 07:04:11.847617+00;
389;1371;819;;EMPLOYER DETAILS;true;2026-01-30 07:04:11.847617+00;;2026-01-30 07:04:11.847617+00;
390;1372;819;;EMPLOYEE;true;2026-01-30 07:04:11.847617+00;;2026-01-30 07:04:11.847617+00;
391;1373;819;;USER MANAGEMENT;true;2026-01-30 07:04:11.847617+00;;2026-01-30 07:04:11.847617+00;
392;1374;819;;PAYROLL PROCESS;true;2026-01-30 07:04:11.847617+00;;2026-01-30 07:04:11.847617+00;
393;1375;819;;WAGES / CONTRIBUTION;true;2026-01-30 07:04:11.847617+00;;2026-01-30 07:04:11.847617+00;
394;1376;819;;BACKUP/RESTORE DATABASE;true;2026-01-30 07:04:11.847617+00;;2026-01-30 07:04:11.847617+00;
395;1377;819;;REPORTS;true;2026-01-30 07:04:11.847617+00;;2026-01-30 07:04:11.847617+00;
396;1378;819;;SETTINGS;true;2026-01-30 07:04:11.847617+00;;2026-01-30 07:04:11.847617+00;
397;1379;761;;DASHBOARD;true;2026-01-30 07:04:11.847617+00;;2026-01-30 07:04:11.847617+00;
398;1380;761;;EMPLOYER DETAILS;true;2026-01-30 07:04:11.847617+00;;2026-01-30 07:04:11.847617+00;
399;1381;761;;EMPLOYEE;true;2026-01-30 07:04:11.847617+00;;2026-01-30 07:04:11.847617+00;
400;1382;761;;USER MANAGEMENT;true;2026-01-30 07:04:11.847617+00;;2026-01-30 07:04:11.847617+00;
401;1383;761;;PAYROLL PROCESS;true;2026-01-30 07:04:11.847617+00;;2026-01-30 07:04:11.847617+00;
402;1384;761;;WAGES / CONTRIBUTION;true;2026-01-30 07:04:11.847617+00;;2026-01-30 07:04:11.847617+00;
403;1385;761;;BACKUP/RESTORE DATABASE;true;2026-01-30 07:04:11.847617+00;;2026-01-30 07:04:11.847617+00;
404;1386;761;;REPORTS;true;2026-01-30 07:04:11.847617+00;;2026-01-30 07:04:11.847617+00;
405;1387;761;;SETTINGS;true;2026-01-30 07:04:11.847617+00;;2026-01-30 07:04:11.847617+00;
406;1388;762;;DASHBOARD;true;2026-01-30 07:04:11.847617+00;;2026-01-30 07:04:11.847617+00;
407;1389;762;;EMPLOYER DETAILS;true;2026-01-30 07:04:11.847617+00;;2026-01-30 07:04:11.847617+00;
408;1390;762;;EMPLOYEE;true;2026-01-30 07:04:11.847617+00;;2026-01-30 07:04:11.847617+00;
409;1391;762;;USER MANAGEMENT;true;2026-01-30 07:04:11.847617+00;;2026-01-30 07:04:11.847617+00;
410;1392;762;;PAYROLL PROCESS;true;2026-01-30 07:04:11.847617+00;;2026-01-30 07:04:11.847617+00;
411;1393;762;;WAGES / CONTRIBUTION;true;2026-01-30 07:04:11.847617+00;;2026-01-30 07:04:11.847617+00;
412;1394;762;;BACKUP/RESTORE DATABASE;true;2026-01-30 07:04:11.847617+00;;2026-01-30 07:04:11.847617+00;
413;1395;762;;REPORTS;true;2026-01-30 07:04:11.847617+00;;2026-01-30 07:04:11.847617+00;
414;1396;762;;SETTINGS;true;2026-01-30 07:04:11.847617+00;;2026-01-30 07:04:11.847617+00;
415;1397;765;;DASHBOARD;true;2026-01-30 07:04:11.847617+00;;2026-01-30 07:04:11.847617+00;
416;1398;765;;EMPLOYER DETAILS;true;2026-01-30 07:04:11.847617+00;;2026-01-30 07:04:11.847617+00;
417;1399;765;;EMPLOYEE;true;2026-01-30 07:04:11.847617+00;;2026-01-30 07:04:11.847617+00;
418;1400;765;;USER MANAGEMENT;true;2026-01-30 07:04:11.847617+00;;2026-01-30 07:04:11.847617+00;
419;1401;765;;PAYROLL PROCESS;true;2026-01-30 07:04:11.847617+00;;2026-01-30 07:04:11.847617+00;
420;1402;765;;WAGES / CONTRIBUTION;true;2026-01-30 07:04:11.847617+00;;2026-01-30 07:04:11.847617+00;
421;1403;765;;BACKUP/RESTORE DATABASE;true;2026-01-30 07:04:11.847617+00;;2026-01-30 07:04:11.847617+00;
422;1404;765;;REPORTS;true;2026-01-30 07:04:11.847617+00;;2026-01-30 07:04:11.847617+00;
423;1405;765;;SETTINGS;true;2026-01-30 07:04:11.847617+00;;2026-01-30 07:04:11.847617+00;
424;1406;767;;DASHBOARD;true;2026-01-30 07:04:11.847617+00;;2026-01-30 07:04:11.847617+00;
425;1407;767;;EMPLOYER DETAILS;true;2026-01-30 07:04:11.847617+00;;2026-01-30 07:04:11.847617+00;
426;1408;767;;EMPLOYEE;true;2026-01-30 07:04:11.847617+00;;2026-01-30 07:04:11.847617+00;
427;1409;767;;USER MANAGEMENT;true;2026-01-30 07:04:11.847617+00;;2026-01-30 07:04:11.847617+00;
428;1410;767;;PAYROLL PROCESS;true;2026-01-30 07:04:11.847617+00;;2026-01-30 07:04:11.847617+00;
429;1411;767;;WAGES / CONTRIBUTION;true;2026-01-30 07:04:11.847617+00;;2026-01-30 07:04:11.847617+00;
430;1412;767;;BACKUP/RESTORE DATABASE;true;2026-01-30 07:04:11.847617+00;;2026-01-30 07:04:11.847617+00;
431;1413;767;;REPORTS;true;2026-01-30 07:04:11.847617+00;;2026-01-30 07:04:11.847617+00;
432;1414;767;;SETTINGS;true;2026-01-30 07:04:11.847617+00;;2026-01-30 07:04:11.847617+00;
433;1415;769;;DASHBOARD;true;2026-01-30 07:04:11.847617+00;;2026-01-30 07:04:11.847617+00;
434;1416;769;;EMPLOYER DETAILS;true;2026-01-30 07:04:11.847617+00;;2026-01-30 07:04:11.847617+00;
435;1417;769;;EMPLOYEE;true;2026-01-30 07:04:11.847617+00;;2026-01-30 07:04:11.847617+00;
436;1418;769;;USER MANAGEMENT;true;2026-01-30 07:04:11.847617+00;;2026-01-30 07:04:11.847617+00;
437;1419;769;;PAYROLL PROCESS;true;2026-01-30 07:04:11.847617+00;;2026-01-30 07:04:11.847617+00;
438;1420;769;;WAGES / CONTRIBUTION;true;2026-01-30 07:04:11.847617+00;;2026-01-30 07:04:11.847617+00;
439;1421;769;;BACKUP/RESTORE DATABASE;true;2026-01-30 07:04:11.847617+00;;2026-01-30 07:04:11.847617+00;
440;1422;769;;REPORTS;true;2026-01-30 07:04:11.847617+00;;2026-01-30 07:04:11.847617+00;
441;1423;769;;SETTINGS;true;2026-01-30 07:04:11.847617+00;;2026-01-30 07:04:11.847617+00;
442;1424;770;;DASHBOARD;true;2026-01-30 07:04:11.847617+00;;2026-01-30 07:04:11.847617+00;
443;1425;770;;EMPLOYER DETAILS;true;2026-01-30 07:04:11.847617+00;;2026-01-30 07:04:11.847617+00;
444;1426;770;;EMPLOYEE;true;2026-01-30 07:04:11.847617+00;;2026-01-30 07:04:11.847617+00;
445;1427;770;;USER MANAGEMENT;true;2026-01-30 07:04:11.847617+00;;2026-01-30 07:04:11.847617+00;
446;1428;770;;PAYROLL PROCESS;true;2026-01-30 07:04:11.847617+00;;2026-01-30 07:04:11.847617+00;
447;1429;770;;WAGES / CONTRIBUTION;true;2026-01-30 07:04:11.847617+00;;2026-01-30 07:04:11.847617+00;
448;1430;770;;BACKUP/RESTORE DATABASE;true;2026-01-30 07:04:11.847617+00;;2026-01-30 07:04:11.847617+00;
449;1431;770;;REPORTS;true;2026-01-30 07:04:11.847617+00;;2026-01-30 07:04:11.847617+00;
450;1432;770;;SETTINGS;true;2026-01-30 07:04:11.847617+00;;2026-01-30 07:04:11.847617+00;
451;1433;774;;DASHBOARD;true;2026-01-30 07:04:11.847617+00;;2026-01-30 07:04:11.847617+00;
452;1434;774;;EMPLOYER DETAILS;true;2026-01-30 07:04:11.847617+00;;2026-01-30 07:04:11.847617+00;
453;1435;774;;EMPLOYEE;true;2026-01-30 07:04:11.847617+00;;2026-01-30 07:04:11.847617+00;
454;1436;774;;USER MANAGEMENT;true;2026-01-30 07:04:11.847617+00;;2026-01-30 07:04:11.847617+00;
455;1437;774;;PAYROLL PROCESS;true;2026-01-30 07:04:11.847617+00;;2026-01-30 07:04:11.847617+00;
456;1438;774;;WAGES / CONTRIBUTION;true;2026-01-30 07:04:11.847617+00;;2026-01-30 07:04:11.847617+00;
457;1439;774;;BACKUP/RESTORE DATABASE;true;2026-01-30 07:04:11.847617+00;;2026-01-30 07:04:11.847617+00;
458;1440;774;;REPORTS;true;2026-01-30 07:04:11.847617+00;;2026-01-30 07:04:11.847617+00;
459;1441;774;;SETTINGS;true;2026-01-30 07:04:11.847617+00;;2026-01-30 07:04:11.847617+00;
460;1442;775;;DASHBOARD;true;2026-01-30 07:04:11.847617+00;;2026-01-30 07:04:11.847617+00;
461;1443;775;;EMPLOYER DETAILS;true;2026-01-30 07:04:11.847617+00;;2026-01-30 07:04:11.847617+00;
462;1444;775;;EMPLOYEE;true;2026-01-30 07:04:11.847617+00;;2026-01-30 07:04:11.847617+00;
463;1445;775;;USER MANAGEMENT;true;2026-01-30 07:04:11.847617+00;;2026-01-30 07:04:11.847617+00;
464;1446;775;;PAYROLL PROCESS;true;2026-01-30 07:04:11.847617+00;;2026-01-30 07:04:11.847617+00;
465;1447;775;;WAGES / CONTRIBUTION;true;2026-01-30 07:04:11.847617+00;;2026-01-30 07:04:11.847617+00;
466;1448;775;;BACKUP/RESTORE DATABASE;true;2026-01-30 07:04:11.847617+00;;2026-01-30 07:04:11.847617+00;
467;1449;775;;REPORTS;true;2026-01-30 07:04:11.847617+00;;2026-01-30 07:04:11.847617+00;
468;1450;775;;SETTINGS;true;2026-01-30 07:04:11.847617+00;;2026-01-30 07:04:11.847617+00;
469;1451;776;;DASHBOARD;true;2026-01-30 07:04:11.847617+00;;2026-01-30 07:04:11.847617+00;
470;1452;776;;EMPLOYER DETAILS;true;2026-01-30 07:04:11.847617+00;;2026-01-30 07:04:11.847617+00;
471;1453;776;;EMPLOYEE;true;2026-01-30 07:04:11.847617+00;;2026-01-30 07:04:11.847617+00;
472;1454;776;;USER MANAGEMENT;true;2026-01-30 07:04:11.847617+00;;2026-01-30 07:04:11.847617+00;
473;1455;776;;PAYROLL PROCESS;true;2026-01-30 07:04:11.847617+00;;2026-01-30 07:04:11.847617+00;
474;1456;776;;WAGES / CONTRIBUTION;true;2026-01-30 07:04:11.847617+00;;2026-01-30 07:04:11.847617+00;
475;1457;776;;BACKUP/RESTORE DATABASE;true;2026-01-30 07:04:11.847617+00;;2026-01-30 07:04:11.847617+00;
476;1458;776;;REPORTS;true;2026-01-30 07:04:11.847617+00;;2026-01-30 07:04:11.847617+00;
477;1459;776;;SETTINGS;true;2026-01-30 07:04:11.847617+00;;2026-01-30 07:04:11.847617+00;
478;1460;821;;DASHBOARD;true;2026-01-30 07:04:11.847617+00;;2026-01-30 07:04:11.847617+00;
479;1461;821;;EMPLOYER DETAILS;true;2026-01-30 07:04:11.847617+00;;2026-01-30 07:04:11.847617+00;
480;1462;821;;EMPLOYEE;true;2026-01-30 07:04:11.847617+00;;2026-01-30 07:04:11.847617+00;
481;1463;821;;USER MANAGEMENT;true;2026-01-30 07:04:11.847617+00;;2026-01-30 07:04:11.847617+00;
482;1464;821;;PAYROLL PROCESS;true;2026-01-30 07:04:11.847617+00;;2026-01-30 07:04:11.847617+00;
483;1465;821;;WAGES / CONTRIBUTION;true;2026-01-30 07:04:11.847617+00;;2026-01-30 07:04:11.847617+00;
484;1466;821;;BACKUP/RESTORE DATABASE;true;2026-01-30 07:04:11.847617+00;;2026-01-30 07:04:11.847617+00;
485;1467;821;;REPORTS;true;2026-01-30 07:04:11.847617+00;;2026-01-30 07:04:11.847617+00;
486;1468;821;;SETTINGS;true;2026-01-30 07:04:11.847617+00;;2026-01-30 07:04:11.847617+00;
487;1469;794;;DASHBOARD;true;2026-01-30 07:04:11.847617+00;;2026-01-30 07:04:11.847617+00;
488;1470;794;;EMPLOYER DETAILS;true;2026-01-30 07:04:11.847617+00;;2026-01-30 07:04:11.847617+00;
489;1471;794;;EMPLOYEE;true;2026-01-30 07:04:11.847617+00;;2026-01-30 07:04:11.847617+00;
490;1472;794;;USER MANAGEMENT;true;2026-01-30 07:04:11.847617+00;;2026-01-30 07:04:11.847617+00;
491;1473;794;;PAYROLL PROCESS;true;2026-01-30 07:04:11.847617+00;;2026-01-30 07:04:11.847617+00;
492;1474;794;;WAGES / CONTRIBUTION;true;2026-01-30 07:04:11.847617+00;;2026-01-30 07:04:11.847617+00;
493;1475;794;;BACKUP/RESTORE DATABASE;true;2026-01-30 07:04:11.847617+00;;2026-01-30 07:04:11.847617+00;
494;1476;794;;REPORTS;true;2026-01-30 07:04:11.847617+00;;2026-01-30 07:04:11.847617+00;
495;1477;794;;SETTINGS;true;2026-01-30 07:04:11.847617+00;;2026-01-30 07:04:11.847617+00;
496;1478;777;;DASHBOARD;true;2026-01-30 07:04:11.847617+00;;2026-01-30 07:04:11.847617+00;
497;1479;777;;EMPLOYER DETAILS;true;2026-01-30 07:04:11.847617+00;;2026-01-30 07:04:11.847617+00;
498;1480;777;;EMPLOYEE;true;2026-01-30 07:04:11.847617+00;;2026-01-30 07:04:11.847617+00;
499;1481;777;;USER MANAGEMENT;true;2026-01-30 07:04:11.847617+00;;2026-01-30 07:04:11.847617+00;
500;1482;777;;PAYROLL PROCESS;true;2026-01-30 07:04:11.847617+00;;2026-01-30 07:04:11.847617+00;
501;1483;777;;WAGES / CONTRIBUTION;true;2026-01-30 07:04:11.847617+00;;2026-01-30 07:04:11.847617+00;
502;1484;777;;BACKUP/RESTORE DATABASE;true;2026-01-30 07:04:11.847617+00;;2026-01-30 07:04:11.847617+00;
503;1485;777;;REPORTS;true;2026-01-30 07:04:11.847617+00;;2026-01-30 07:04:11.847617+00;
504;1486;777;;SETTINGS;true;2026-01-30 07:04:11.847617+00;;2026-01-30 07:04:11.847617+00;
505;1487;778;;DASHBOARD;true;2026-01-30 07:04:11.847617+00;;2026-01-30 07:04:11.847617+00;
506;1488;778;;EMPLOYER DETAILS;true;2026-01-30 07:04:11.847617+00;;2026-01-30 07:04:11.847617+00;
507;1489;778;;EMPLOYEE;true;2026-01-30 07:04:11.847617+00;;2026-01-30 07:04:11.847617+00;
508;1490;778;;USER MANAGEMENT;true;2026-01-30 07:04:11.847617+00;;2026-01-30 07:04:11.847617+00;
509;1491;778;;PAYROLL PROCESS;true;2026-01-30 07:04:11.847617+00;;2026-01-30 07:04:11.847617+00;
510;1492;778;;WAGES / CONTRIBUTION;true;2026-01-30 07:04:11.847617+00;;2026-01-30 07:04:11.847617+00;
511;1493;778;;BACKUP/RESTORE DATABASE;true;2026-01-30 07:04:11.847617+00;;2026-01-30 07:04:11.847617+00;
512;1494;778;;REPORTS;true;2026-01-30 07:04:11.847617+00;;2026-01-30 07:04:11.847617+00;
513;1495;778;;SETTINGS;true;2026-01-30 07:04:11.847617+00;;2026-01-30 07:04:11.847617+00;
514;1496;779;;DASHBOARD;true;2026-01-30 07:04:11.847617+00;;2026-01-30 07:04:11.847617+00;
515;1497;779;;EMPLOYER DETAILS;true;2026-01-30 07:04:11.847617+00;;2026-01-30 07:04:11.847617+00;
516;1498;779;;EMPLOYEE;true;2026-01-30 07:04:11.847617+00;;2026-01-30 07:04:11.847617+00;
517;1499;779;;USER MANAGEMENT;true;2026-01-30 07:04:11.847617+00;;2026-01-30 07:04:11.847617+00;
518;1500;779;;PAYROLL PROCESS;true;2026-01-30 07:04:11.847617+00;;2026-01-30 07:04:11.847617+00;
519;1501;779;;WAGES / CONTRIBUTION;true;2026-01-30 07:04:11.847617+00;;2026-01-30 07:04:11.847617+00;
520;1502;779;;BACKUP/RESTORE DATABASE;true;2026-01-30 07:04:11.847617+00;;2026-01-30 07:04:11.847617+00;
521;1503;779;;REPORTS;true;2026-01-30 07:04:11.847617+00;;2026-01-30 07:04:11.847617+00;
522;1504;779;;SETTINGS;true;2026-01-30 07:04:11.847617+00;;2026-01-30 07:04:11.847617+00;
523;1505;780;;DASHBOARD;true;2026-01-30 07:04:11.847617+00;;2026-01-30 07:04:11.847617+00;
524;1506;780;;EMPLOYER DETAILS;true;2026-01-30 07:04:11.847617+00;;2026-01-30 07:04:11.847617+00;
525;1507;780;;EMPLOYEE;true;2026-01-30 07:04:11.847617+00;;2026-01-30 07:04:11.847617+00;
526;1508;780;;USER MANAGEMENT;true;2026-01-30 07:04:11.847617+00;;2026-01-30 07:04:11.847617+00;
527;1509;780;;PAYROLL PROCESS;true;2026-01-30 07:04:11.847617+00;;2026-01-30 07:04:11.847617+00;
528;1510;780;;WAGES / CONTRIBUTION;true;2026-01-30 07:04:11.847617+00;;2026-01-30 07:04:11.847617+00;
529;1511;780;;BACKUP/RESTORE DATABASE;true;2026-01-30 07:04:11.847617+00;;2026-01-30 07:04:11.847617+00;
530;1512;780;;REPORTS;true;2026-01-30 07:04:11.847617+00;;2026-01-30 07:04:11.847617+00;
531;1513;780;;SETTINGS;true;2026-01-30 07:04:11.847617+00;;2026-01-30 07:04:11.847617+00;
532;1514;781;;DASHBOARD;true;2026-01-30 07:04:11.847617+00;;2026-01-30 07:04:11.847617+00;
533;1515;781;;EMPLOYER DETAILS;true;2026-01-30 07:04:11.847617+00;;2026-01-30 07:04:11.847617+00;
534;1516;781;;EMPLOYEE;true;2026-01-30 07:04:11.847617+00;;2026-01-30 07:04:11.847617+00;
535;1517;781;;USER MANAGEMENT;true;2026-01-30 07:04:11.847617+00;;2026-01-30 07:04:11.847617+00;
536;1518;781;;PAYROLL PROCESS;true;2026-01-30 07:04:11.847617+00;;2026-01-30 07:04:11.847617+00;
537;1519;781;;WAGES / CONTRIBUTION;true;2026-01-30 07:04:11.847617+00;;2026-01-30 07:04:11.847617+00;
538;1520;781;;BACKUP/RESTORE DATABASE;true;2026-01-30 07:04:11.847617+00;;2026-01-30 07:04:11.847617+00;
539;1521;781;;REPORTS;true;2026-01-30 07:04:11.847617+00;;2026-01-30 07:04:11.847617+00;
540;1522;781;;SETTINGS;true;2026-01-30 07:04:11.847617+00;;2026-01-30 07:04:11.847617+00;
541;1523;813;;DASHBOARD;true;2026-01-30 07:04:11.847617+00;;2026-01-30 07:04:11.847617+00;
542;1524;813;;EMPLOYER DETAILS;true;2026-01-30 07:04:11.847617+00;;2026-01-30 07:04:11.847617+00;
543;1525;813;;EMPLOYEE;true;2026-01-30 07:04:11.847617+00;;2026-01-30 07:04:11.847617+00;
544;1526;813;;USER MANAGEMENT;true;2026-01-30 07:04:11.847617+00;;2026-01-30 07:04:11.847617+00;
545;1527;813;;PAYROLL PROCESS;true;2026-01-30 07:04:11.847617+00;;2026-01-30 07:04:11.847617+00;
546;1528;813;;WAGES / CONTRIBUTION;true;2026-01-30 07:04:11.847617+00;;2026-01-30 07:04:11.847617+00;
547;1529;813;;BACKUP/RESTORE DATABASE;true;2026-01-30 07:04:11.847617+00;;2026-01-30 07:04:11.847617+00;
548;1530;813;;REPORTS;true;2026-01-30 07:04:11.847617+00;;2026-01-30 07:04:11.847617+00;
549;1531;813;;SETTINGS;true;2026-01-30 07:04:11.847617+00;;2026-01-30 07:04:11.847617+00;
550;1532;782;;DASHBOARD;true;2026-01-30 07:04:11.847617+00;;2026-01-30 07:04:11.847617+00;
551;1533;782;;EMPLOYER DETAILS;true;2026-01-30 07:04:11.847617+00;;2026-01-30 07:04:11.847617+00;
552;1534;782;;EMPLOYEE;true;2026-01-30 07:04:11.847617+00;;2026-01-30 07:04:11.847617+00;
553;1535;782;;USER MANAGEMENT;true;2026-01-30 07:04:11.847617+00;;2026-01-30 07:04:11.847617+00;
554;1536;782;;PAYROLL PROCESS;true;2026-01-30 07:04:11.847617+00;;2026-01-30 07:04:11.847617+00;
555;1537;782;;WAGES / CONTRIBUTION;true;2026-01-30 07:04:11.847617+00;;2026-01-30 07:04:11.847617+00;
556;1538;782;;BACKUP/RESTORE DATABASE;true;2026-01-30 07:04:11.847617+00;;2026-01-30 07:04:11.847617+00;
557;1539;782;;REPORTS;true;2026-01-30 07:04:11.847617+00;;2026-01-30 07:04:11.847617+00;
558;1540;782;;SETTINGS;true;2026-01-30 07:04:11.847617+00;;2026-01-30 07:04:11.847617+00;
559;1541;827;;DASHBOARD;true;2026-01-30 07:04:11.847617+00;;2026-01-30 07:04:11.847617+00;
560;1542;827;;EMPLOYER DETAILS;true;2026-01-30 07:04:11.847617+00;;2026-01-30 07:04:11.847617+00;
561;1543;827;;EMPLOYEE;true;2026-01-30 07:04:11.847617+00;;2026-01-30 07:04:11.847617+00;
562;1544;827;;USER MANAGEMENT;true;2026-01-30 07:04:11.847617+00;;2026-01-30 07:04:11.847617+00;
563;1545;827;;PAYROLL PROCESS;true;2026-01-30 07:04:11.847617+00;;2026-01-30 07:04:11.847617+00;
564;1546;827;;WAGES / CONTRIBUTION;true;2026-01-30 07:04:11.847617+00;;2026-01-30 07:04:11.847617+00;
565;1547;827;;BACKUP/RESTORE DATABASE;true;2026-01-30 07:04:11.847617+00;;2026-01-30 07:04:11.847617+00;
566;1548;827;;REPORTS;true;2026-01-30 07:04:11.847617+00;;2026-01-30 07:04:11.847617+00;
567;1549;827;;SETTINGS;true;2026-01-30 07:04:11.847617+00;;2026-01-30 07:04:11.847617+00;
568;1550;828;;DASHBOARD;true;2026-01-30 07:04:11.847617+00;;2026-01-30 07:04:11.847617+00;
569;1551;828;;EMPLOYER DETAILS;true;2026-01-30 07:04:11.847617+00;;2026-01-30 07:04:11.847617+00;
570;1552;828;;EMPLOYEE;true;2026-01-30 07:04:11.847617+00;;2026-01-30 07:04:11.847617+00;
571;1553;828;;USER MANAGEMENT;true;2026-01-30 07:04:11.847617+00;;2026-01-30 07:04:11.847617+00;
572;1554;828;;PAYROLL PROCESS;true;2026-01-30 07:04:11.847617+00;;2026-01-30 07:04:11.847617+00;
573;1555;828;;WAGES / CONTRIBUTION;true;2026-01-30 07:04:11.847617+00;;2026-01-30 07:04:11.847617+00;
574;1556;828;;BACKUP/RESTORE DATABASE;true;2026-01-30 07:04:11.847617+00;;2026-01-30 07:04:11.847617+00;
575;1557;828;;REPORTS;true;2026-01-30 07:04:11.847617+00;;2026-01-30 07:04:11.847617+00;
576;1558;828;;SETTINGS;true;2026-01-30 07:04:11.847617+00;;2026-01-30 07:04:11.847617+00;
577;1559;783;;DASHBOARD;true;2026-01-30 07:04:11.847617+00;;2026-01-30 07:04:11.847617+00;
578;1560;783;;EMPLOYER DETAILS;true;2026-01-30 07:04:11.847617+00;;2026-01-30 07:04:11.847617+00;
579;1561;783;;EMPLOYEE;true;2026-01-30 07:04:11.847617+00;;2026-01-30 07:04:11.847617+00;
580;1562;783;;USER MANAGEMENT;true;2026-01-30 07:04:11.847617+00;;2026-01-30 07:04:11.847617+00;
581;1563;783;;PAYROLL PROCESS;true;2026-01-30 07:04:11.847617+00;;2026-01-30 07:04:11.847617+00;
582;1564;783;;WAGES / CONTRIBUTION;true;2026-01-30 07:04:11.847617+00;;2026-01-30 07:04:11.847617+00;
583;1565;783;;BACKUP/RESTORE DATABASE;true;2026-01-30 07:04:11.847617+00;;2026-01-30 07:04:11.847617+00;
584;1566;783;;REPORTS;true;2026-01-30 07:04:11.847617+00;;2026-01-30 07:04:11.847617+00;
585;1567;783;;SETTINGS;true;2026-01-30 07:04:11.847617+00;;2026-01-30 07:04:11.847617+00;
586;1568;829;;DASHBOARD;true;2026-01-30 07:04:11.847617+00;;2026-01-30 07:04:11.847617+00;
587;1569;829;;EMPLOYER DETAILS;true;2026-01-30 07:04:11.847617+00;;2026-01-30 07:04:11.847617+00;
588;1570;829;;EMPLOYEE;true;2026-01-30 07:04:11.847617+00;;2026-01-30 07:04:11.847617+00;
589;1571;829;;USER MANAGEMENT;true;2026-01-30 07:04:11.847617+00;;2026-01-30 07:04:11.847617+00;
590;1572;829;;PAYROLL PROCESS;true;2026-01-30 07:04:11.847617+00;;2026-01-30 07:04:11.847617+00;
591;1573;829;;WAGES / CONTRIBUTION;true;2026-01-30 07:04:11.847617+00;;2026-01-30 07:04:11.847617+00;
592;1574;829;;BACKUP/RESTORE DATABASE;true;2026-01-30 07:04:11.847617+00;;2026-01-30 07:04:11.847617+00;
593;1575;829;;REPORTS;true;2026-01-30 07:04:11.847617+00;;2026-01-30 07:04:11.847617+00;
594;1576;829;;SETTINGS;true;2026-01-30 07:04:11.847617+00;;2026-01-30 07:04:11.847617+00;
595;1577;785;;DASHBOARD;true;2026-01-30 07:04:11.847617+00;;2026-01-30 07:04:11.847617+00;
596;1578;785;;EMPLOYER DETAILS;true;2026-01-30 07:04:11.847617+00;;2026-01-30 07:04:11.847617+00;
597;1579;785;;EMPLOYEE;true;2026-01-30 07:04:11.847617+00;;2026-01-30 07:04:11.847617+00;
598;1580;785;;USER MANAGEMENT;true;2026-01-30 07:04:11.847617+00;;2026-01-30 07:04:11.847617+00;
599;1581;785;;PAYROLL PROCESS;true;2026-01-30 07:04:11.847617+00;;2026-01-30 07:04:11.847617+00;
600;1582;785;;WAGES / CONTRIBUTION;true;2026-01-30 07:04:11.847617+00;;2026-01-30 07:04:11.847617+00;
601;1583;785;;BACKUP/RESTORE DATABASE;true;2026-01-30 07:04:11.847617+00;;2026-01-30 07:04:11.847617+00;
602;1584;785;;REPORTS;true;2026-01-30 07:04:11.847617+00;;2026-01-30 07:04:11.847617+00;
603;1585;785;;SETTINGS;true;2026-01-30 07:04:11.847617+00;;2026-01-30 07:04:11.847617+00;
604;1586;814;;DASHBOARD;true;2026-01-30 07:04:11.847617+00;;2026-01-30 07:04:11.847617+00;
605;1587;814;;EMPLOYER DETAILS;true;2026-01-30 07:04:11.847617+00;;2026-01-30 07:04:11.847617+00;
606;1588;814;;EMPLOYEE;true;2026-01-30 07:04:11.847617+00;;2026-01-30 07:04:11.847617+00;
607;1589;814;;USER MANAGEMENT;true;2026-01-30 07:04:11.847617+00;;2026-01-30 07:04:11.847617+00;
608;1590;814;;PAYROLL PROCESS;true;2026-01-30 07:04:11.847617+00;;2026-01-30 07:04:11.847617+00;
609;1591;814;;WAGES / CONTRIBUTION;true;2026-01-30 07:04:11.847617+00;;2026-01-30 07:04:11.847617+00;
610;1592;814;;BACKUP/RESTORE DATABASE;true;2026-01-30 07:04:11.847617+00;;2026-01-30 07:04:11.847617+00;
611;1593;814;;REPORTS;true;2026-01-30 07:04:11.847617+00;;2026-01-30 07:04:11.847617+00;
612;1594;814;;SETTINGS;true;2026-01-30 07:04:11.847617+00;;2026-01-30 07:04:11.847617+00;
613;1595;786;;DASHBOARD;true;2026-01-30 07:04:11.847617+00;;2026-01-30 07:04:11.847617+00;
614;1596;786;;EMPLOYER DETAILS;true;2026-01-30 07:04:11.847617+00;;2026-01-30 07:04:11.847617+00;
615;1597;786;;EMPLOYEE;true;2026-01-30 07:04:11.847617+00;;2026-01-30 07:04:11.847617+00;
616;1598;786;;USER MANAGEMENT;true;2026-01-30 07:04:11.847617+00;;2026-01-30 07:04:11.847617+00;
617;1599;786;;PAYROLL PROCESS;true;2026-01-30 07:04:11.847617+00;;2026-01-30 07:04:11.847617+00;
618;1600;786;;WAGES / CONTRIBUTION;true;2026-01-30 07:04:11.847617+00;;2026-01-30 07:04:11.847617+00;
619;1601;786;;BACKUP/RESTORE DATABASE;true;2026-01-30 07:04:11.847617+00;;2026-01-30 07:04:11.847617+00;
620;1602;786;;REPORTS;true;2026-01-30 07:04:11.847617+00;;2026-01-30 07:04:11.847617+00;
621;1603;786;;SETTINGS;true;2026-01-30 07:04:11.847617+00;;2026-01-30 07:04:11.847617+00;
622;1604;796;;DASHBOARD;true;2026-01-30 07:04:11.847617+00;;2026-01-30 07:04:11.847617+00;
623;1605;796;;EMPLOYER DETAILS;true;2026-01-30 07:04:11.847617+00;;2026-01-30 07:04:11.847617+00;
624;1606;796;;EMPLOYEE;true;2026-01-30 07:04:11.847617+00;;2026-01-30 07:04:11.847617+00;
625;1607;796;;USER MANAGEMENT;true;2026-01-30 07:04:11.847617+00;;2026-01-30 07:04:11.847617+00;
626;1608;796;;PAYROLL PROCESS;true;2026-01-30 07:04:11.847617+00;;2026-01-30 07:04:11.847617+00;
627;1609;796;;WAGES / CONTRIBUTION;true;2026-01-30 07:04:11.847617+00;;2026-01-30 07:04:11.847617+00;
628;1610;796;;BACKUP/RESTORE DATABASE;true;2026-01-30 07:04:11.847617+00;;2026-01-30 07:04:11.847617+00;
629;1611;796;;REPORTS;true;2026-01-30 07:04:11.847617+00;;2026-01-30 07:04:11.847617+00;
630;1612;796;;SETTINGS;true;2026-01-30 07:04:11.847617+00;;2026-01-30 07:04:11.847617+00;
631;1613;797;;DASHBOARD;true;2026-01-30 07:04:11.847617+00;;2026-01-30 07:04:11.847617+00;
632;1614;797;;EMPLOYER DETAILS;true;2026-01-30 07:04:11.847617+00;;2026-01-30 07:04:11.847617+00;
633;1615;797;;EMPLOYEE;true;2026-01-30 07:04:11.847617+00;;2026-01-30 07:04:11.847617+00;
634;1616;797;;USER MANAGEMENT;true;2026-01-30 07:04:11.847617+00;;2026-01-30 07:04:11.847617+00;
635;1617;797;;PAYROLL PROCESS;true;2026-01-30 07:04:11.847617+00;;2026-01-30 07:04:11.847617+00;
636;1618;797;;WAGES / CONTRIBUTION;true;2026-01-30 07:04:11.847617+00;;2026-01-30 07:04:11.847617+00;
637;1619;797;;BACKUP/RESTORE DATABASE;true;2026-01-30 07:04:11.847617+00;;2026-01-30 07:04:11.847617+00;
638;1620;797;;REPORTS;true;2026-01-30 07:04:11.847617+00;;2026-01-30 07:04:11.847617+00;
639;1621;797;;SETTINGS;true;2026-01-30 07:04:11.847617+00;;2026-01-30 07:04:11.847617+00;
640;1622;766;;DASHBOARD;true;2026-01-30 07:04:11.847617+00;;2026-01-30 07:04:11.847617+00;
641;1623;766;;EMPLOYER DETAILS;true;2026-01-30 07:04:11.847617+00;;2026-01-30 07:04:11.847617+00;
642;1624;766;;EMPLOYEE;true;2026-01-30 07:04:11.847617+00;;2026-01-30 07:04:11.847617+00;
643;1625;766;;USER MANAGEMENT;true;2026-01-30 07:04:11.847617+00;;2026-01-30 07:04:11.847617+00;
644;1626;766;;PAYROLL PROCESS;true;2026-01-30 07:04:11.847617+00;;2026-01-30 07:04:11.847617+00;
645;1627;766;;WAGES / CONTRIBUTION;true;2026-01-30 07:04:11.847617+00;;2026-01-30 07:04:11.847617+00;
646;1628;766;;BACKUP/RESTORE DATABASE;true;2026-01-30 07:04:11.847617+00;;2026-01-30 07:04:11.847617+00;
647;1629;766;;REPORTS;true;2026-01-30 07:04:11.847617+00;;2026-01-30 07:04:11.847617+00;
648;1630;766;;SETTINGS;true;2026-01-30 07:04:11.847617+00;;2026-01-30 07:04:11.847617+00;
649;1631;798;;DASHBOARD;true;2026-01-30 07:04:11.847617+00;;2026-01-30 07:04:11.847617+00;
650;1632;798;;EMPLOYER DETAILS;true;2026-01-30 07:04:11.847617+00;;2026-01-30 07:04:11.847617+00;
651;1633;798;;EMPLOYEE;true;2026-01-30 07:04:11.847617+00;;2026-01-30 07:04:11.847617+00;
652;1634;798;;USER MANAGEMENT;true;2026-01-30 07:04:11.847617+00;;2026-01-30 07:04:11.847617+00;
653;1635;798;;PAYROLL PROCESS;true;2026-01-30 07:04:11.847617+00;;2026-01-30 07:04:11.847617+00;
654;1636;798;;WAGES / CONTRIBUTION;true;2026-01-30 07:04:11.847617+00;;2026-01-30 07:04:11.847617+00;
655;1637;798;;BACKUP/RESTORE DATABASE;true;2026-01-30 07:04:11.847617+00;;2026-01-30 07:04:11.847617+00;
656;1638;798;;REPORTS;true;2026-01-30 07:04:11.847617+00;;2026-01-30 07:04:11.847617+00;
657;1639;798;;SETTINGS;true;2026-01-30 07:04:11.847617+00;;2026-01-30 07:04:11.847617+00;
658;1640;789;;DASHBOARD;true;2026-01-30 07:04:11.847617+00;;2026-01-30 07:04:11.847617+00;
659;1641;789;;EMPLOYER DETAILS;true;2026-01-30 07:04:11.847617+00;;2026-01-30 07:04:11.847617+00;
660;1642;789;;EMPLOYEE;true;2026-01-30 07:04:11.847617+00;;2026-01-30 07:04:11.847617+00;
661;1643;789;;USER MANAGEMENT;true;2026-01-30 07:04:11.847617+00;;2026-01-30 07:04:11.847617+00;
662;1644;789;;PAYROLL PROCESS;true;2026-01-30 07:04:11.847617+00;;2026-01-30 07:04:11.847617+00;
663;1645;789;;WAGES / CONTRIBUTION;true;2026-01-30 07:04:11.847617+00;;2026-01-30 07:04:11.847617+00;
664;1646;789;;BACKUP/RESTORE DATABASE;true;2026-01-30 07:04:11.847617+00;;2026-01-30 07:04:11.847617+00;
665;1647;789;;REPORTS;true;2026-01-30 07:04:11.847617+00;;2026-01-30 07:04:11.847617+00;
666;1648;789;;SETTINGS;true;2026-01-30 07:04:11.847617+00;;2026-01-30 07:04:11.847617+00;
667;1649;790;;DASHBOARD;true;2026-01-30 07:04:11.847617+00;;2026-01-30 07:04:11.847617+00;
668;1650;790;;EMPLOYER DETAILS;true;2026-01-30 07:04:11.847617+00;;2026-01-30 07:04:11.847617+00;
669;1651;790;;EMPLOYEE;true;2026-01-30 07:04:11.847617+00;;2026-01-30 07:04:11.847617+00;
670;1652;790;;USER MANAGEMENT;true;2026-01-30 07:04:11.847617+00;;2026-01-30 07:04:11.847617+00;
671;1653;790;;PAYROLL PROCESS;true;2026-01-30 07:04:11.847617+00;;2026-01-30 07:04:11.847617+00;
672;1654;790;;WAGES / CONTRIBUTION;true;2026-01-30 07:04:11.847617+00;;2026-01-30 07:04:11.847617+00;
673;1655;790;;BACKUP/RESTORE DATABASE;true;2026-01-30 07:04:11.847617+00;;2026-01-30 07:04:11.847617+00;
674;1656;790;;REPORTS;true;2026-01-30 07:04:11.847617+00;;2026-01-30 07:04:11.847617+00;
675;1657;790;;SETTINGS;true;2026-01-30 07:04:11.847617+00;;2026-01-30 07:04:11.847617+00;
676;1658;800;;DASHBOARD;true;2026-01-30 07:04:11.847617+00;;2026-01-30 07:04:11.847617+00;
677;1659;800;;EMPLOYER DETAILS;true;2026-01-30 07:04:11.847617+00;;2026-01-30 07:04:11.847617+00;
678;1660;800;;EMPLOYEE;true;2026-01-30 07:04:11.847617+00;;2026-01-30 07:04:11.847617+00;
679;1661;800;;USER MANAGEMENT;true;2026-01-30 07:04:11.847617+00;;2026-01-30 07:04:11.847617+00;
680;1662;800;;PAYROLL PROCESS;true;2026-01-30 07:04:11.847617+00;;2026-01-30 07:04:11.847617+00;
681;1663;800;;WAGES / CONTRIBUTION;true;2026-01-30 07:04:11.847617+00;;2026-01-30 07:04:11.847617+00;
682;1664;800;;BACKUP/RESTORE DATABASE;true;2026-01-30 07:04:11.847617+00;;2026-01-30 07:04:11.847617+00;
683;1665;800;;REPORTS;true;2026-01-30 07:04:11.847617+00;;2026-01-30 07:04:11.847617+00;
684;1666;800;;SETTINGS;true;2026-01-30 07:04:11.847617+00;;2026-01-30 07:04:11.847617+00;
685;1667;801;;DASHBOARD;true;2026-01-30 07:04:11.847617+00;;2026-01-30 07:04:11.847617+00;
686;1668;801;;EMPLOYER DETAILS;true;2026-01-30 07:04:11.847617+00;;2026-01-30 07:04:11.847617+00;
687;1669;801;;EMPLOYEE;true;2026-01-30 07:04:11.847617+00;;2026-01-30 07:04:11.847617+00;
688;1670;801;;USER MANAGEMENT;true;2026-01-30 07:04:11.847617+00;;2026-01-30 07:04:11.847617+00;
689;1671;801;;PAYROLL PROCESS;true;2026-01-30 07:04:11.847617+00;;2026-01-30 07:04:11.847617+00;
690;1672;801;;WAGES / CONTRIBUTION;true;2026-01-30 07:04:11.847617+00;;2026-01-30 07:04:11.847617+00;
691;1673;801;;BACKUP/RESTORE DATABASE;true;2026-01-30 07:04:11.847617+00;;2026-01-30 07:04:11.847617+00;
692;1674;801;;REPORTS;true;2026-01-30 07:04:11.847617+00;;2026-01-30 07:04:11.847617+00;
693;1675;801;;SETTINGS;true;2026-01-30 07:04:11.847617+00;;2026-01-30 07:04:11.847617+00;
694;1676;836;;DASHBOARD;true;2026-01-30 07:04:11.847617+00;;2026-01-30 07:04:11.847617+00;
695;1677;836;;EMPLOYER DETAILS;true;2026-01-30 07:04:11.847617+00;;2026-01-30 07:04:11.847617+00;
696;1678;836;;EMPLOYEE;true;2026-01-30 07:04:11.847617+00;;2026-01-30 07:04:11.847617+00;
697;1679;836;;USER MANAGEMENT;true;2026-01-30 07:04:11.847617+00;;2026-01-30 07:04:11.847617+00;
698;1680;836;;PAYROLL PROCESS;true;2026-01-30 07:04:11.847617+00;;2026-01-30 07:04:11.847617+00;
699;1681;836;;WAGES / CONTRIBUTION;true;2026-01-30 07:04:11.847617+00;;2026-01-30 07:04:11.847617+00;
700;1682;836;;BACKUP/RESTORE DATABASE;true;2026-01-30 07:04:11.847617+00;;2026-01-30 07:04:11.847617+00;
701;1683;836;;REPORTS;true;2026-01-30 07:04:11.847617+00;;2026-01-30 07:04:11.847617+00;
702;1684;836;;SETTINGS;true;2026-01-30 07:04:11.847617+00;;2026-01-30 07:04:11.847617+00;
703;1685;824;;DASHBOARD;true;2026-01-30 07:04:11.847617+00;;2026-01-30 07:04:11.847617+00;
704;1686;824;;EMPLOYER DETAILS;true;2026-01-30 07:04:11.847617+00;;2026-01-30 07:04:11.847617+00;
705;1687;824;;EMPLOYEE;true;2026-01-30 07:04:11.847617+00;;2026-01-30 07:04:11.847617+00;
706;1688;824;;USER MANAGEMENT;true;2026-01-30 07:04:11.847617+00;;2026-01-30 07:04:11.847617+00;
707;1689;824;;PAYROLL PROCESS;true;2026-01-30 07:04:11.847617+00;;2026-01-30 07:04:11.847617+00;
708;1690;824;;WAGES / CONTRIBUTION;true;2026-01-30 07:04:11.847617+00;;2026-01-30 07:04:11.847617+00;
709;1691;824;;BACKUP/RESTORE DATABASE;true;2026-01-30 07:04:11.847617+00;;2026-01-30 07:04:11.847617+00;
710;1692;824;;REPORTS;true;2026-01-30 07:04:11.847617+00;;2026-01-30 07:04:11.847617+00;
711;1693;824;;SETTINGS;true;2026-01-30 07:04:11.847617+00;;2026-01-30 07:04:11.847617+00;
712;1694;802;;DASHBOARD;true;2026-01-30 07:04:11.847617+00;;2026-01-30 07:04:11.847617+00;
713;1695;802;;EMPLOYER DETAILS;true;2026-01-30 07:04:11.847617+00;;2026-01-30 07:04:11.847617+00;
714;1696;802;;EMPLOYEE;true;2026-01-30 07:04:11.847617+00;;2026-01-30 07:04:11.847617+00;
715;1697;802;;USER MANAGEMENT;true;2026-01-30 07:04:11.847617+00;;2026-01-30 07:04:11.847617+00;
716;1698;802;;PAYROLL PROCESS;true;2026-01-30 07:04:11.847617+00;;2026-01-30 07:04:11.847617+00;
717;1699;802;;WAGES / CONTRIBUTION;true;2026-01-30 07:04:11.847617+00;;2026-01-30 07:04:11.847617+00;
718;1700;802;;BACKUP/RESTORE DATABASE;true;2026-01-30 07:04:11.847617+00;;2026-01-30 07:04:11.847617+00;
719;1701;802;;REPORTS;true;2026-01-30 07:04:11.847617+00;;2026-01-30 07:04:11.847617+00;
720;1702;802;;SETTINGS;true;2026-01-30 07:04:11.847617+00;;2026-01-30 07:04:11.847617+00;
721;1703;804;;DASHBOARD;true;2026-01-30 07:04:11.847617+00;;2026-01-30 07:04:11.847617+00;
722;1704;804;;EMPLOYER DETAILS;true;2026-01-30 07:04:11.847617+00;;2026-01-30 07:04:11.847617+00;
723;1705;804;;EMPLOYEE;true;2026-01-30 07:04:11.847617+00;;2026-01-30 07:04:11.847617+00;
724;1706;804;;USER MANAGEMENT;true;2026-01-30 07:04:11.847617+00;;2026-01-30 07:04:11.847617+00;
725;1707;804;;PAYROLL PROCESS;true;2026-01-30 07:04:11.847617+00;;2026-01-30 07:04:11.847617+00;
726;1708;804;;WAGES / CONTRIBUTION;true;2026-01-30 07:04:11.847617+00;;2026-01-30 07:04:11.847617+00;
727;1709;804;;BACKUP/RESTORE DATABASE;true;2026-01-30 07:04:11.847617+00;;2026-01-30 07:04:11.847617+00;
728;1710;804;;REPORTS;true;2026-01-30 07:04:11.847617+00;;2026-01-30 07:04:11.847617+00;
729;1711;804;;SETTINGS;true;2026-01-30 07:04:11.847617+00;;2026-01-30 07:04:11.847617+00;
730;1712;817;;DASHBOARD;true;2026-01-30 07:04:11.847617+00;;2026-01-30 07:04:11.847617+00;
731;1713;817;;EMPLOYER DETAILS;true;2026-01-30 07:04:11.847617+00;;2026-01-30 07:04:11.847617+00;
732;1714;817;;EMPLOYEE;true;2026-01-30 07:04:11.847617+00;;2026-01-30 07:04:11.847617+00;
733;1715;817;;USER MANAGEMENT;true;2026-01-30 07:04:11.847617+00;;2026-01-30 07:04:11.847617+00;
734;1716;817;;PAYROLL PROCESS;true;2026-01-30 07:04:11.847617+00;;2026-01-30 07:04:11.847617+00;
735;1717;817;;WAGES / CONTRIBUTION;true;2026-01-30 07:04:11.847617+00;;2026-01-30 07:04:11.847617+00;
736;1718;817;;BACKUP/RESTORE DATABASE;true;2026-01-30 07:04:11.847617+00;;2026-01-30 07:04:11.847617+00;
737;1719;817;;REPORTS;true;2026-01-30 07:04:11.847617+00;;2026-01-30 07:04:11.847617+00;
738;1720;817;;SETTINGS;true;2026-01-30 07:04:11.847617+00;;2026-01-30 07:04:11.847617+00;
739;1721;806;;DASHBOARD;true;2026-01-30 07:04:11.847617+00;;2026-01-30 07:04:11.847617+00;
740;1722;806;;EMPLOYER DETAILS;true;2026-01-30 07:04:11.847617+00;;2026-01-30 07:04:11.847617+00;
741;1723;806;;EMPLOYEE;true;2026-01-30 07:04:11.847617+00;;2026-01-30 07:04:11.847617+00;
742;1724;806;;USER MANAGEMENT;true;2026-01-30 07:04:11.847617+00;;2026-01-30 07:04:11.847617+00;
743;1725;806;;PAYROLL PROCESS;true;2026-01-30 07:04:11.847617+00;;2026-01-30 07:04:11.847617+00;
744;1726;806;;WAGES / CONTRIBUTION;true;2026-01-30 07:04:11.847617+00;;2026-01-30 07:04:11.847617+00;
745;1727;806;;BACKUP/RESTORE DATABASE;true;2026-01-30 07:04:11.847617+00;;2026-01-30 07:04:11.847617+00;
746;1728;806;;REPORTS;true;2026-01-30 07:04:11.847617+00;;2026-01-30 07:04:11.847617+00;
747;1729;806;;SETTINGS;true;2026-01-30 07:04:11.847617+00;;2026-01-30 07:04:11.847617+00;
748;1730;835;;DASHBOARD;true;2026-01-30 07:04:11.847617+00;;2026-01-30 07:04:11.847617+00;
749;1731;835;;EMPLOYER DETAILS;true;2026-01-30 07:04:11.847617+00;;2026-01-30 07:04:11.847617+00;
750;1732;835;;EMPLOYEE;true;2026-01-30 07:04:11.847617+00;;2026-01-30 07:04:11.847617+00;
751;1733;835;;USER MANAGEMENT;true;2026-01-30 07:04:11.847617+00;;2026-01-30 07:04:11.847617+00;
752;1734;835;;PAYROLL PROCESS;true;2026-01-30 07:04:11.847617+00;;2026-01-30 07:04:11.847617+00;
753;1735;835;;WAGES / CONTRIBUTION;true;2026-01-30 07:04:11.847617+00;;2026-01-30 07:04:11.847617+00;
754;1736;835;;BACKUP/RESTORE DATABASE;true;2026-01-30 07:04:11.847617+00;;2026-01-30 07:04:11.847617+00;
755;1737;835;;REPORTS;true;2026-01-30 07:04:11.847617+00;;2026-01-30 07:04:11.847617+00;
756;1738;835;;SETTINGS;true;2026-01-30 07:04:11.847617+00;;2026-01-30 07:04:11.847617+00;
757;1739;837;;DASHBOARD;true;2026-01-30 07:04:11.847617+00;;2026-01-30 07:04:11.847617+00;
758;1740;837;;EMPLOYER DETAILS;true;2026-01-30 07:04:11.847617+00;;2026-01-30 07:04:11.847617+00;
759;1741;837;;EMPLOYEE;true;2026-01-30 07:04:11.847617+00;;2026-01-30 07:04:11.847617+00;
760;1742;837;;USER MANAGEMENT;true;2026-01-30 07:04:11.847617+00;;2026-01-30 07:04:11.847617+00;
761;1743;837;;PAYROLL PROCESS;true;2026-01-30 07:04:11.847617+00;;2026-01-30 07:04:11.847617+00;
762;1744;837;;WAGES / CONTRIBUTION;true;2026-01-30 07:04:11.847617+00;;2026-01-30 07:04:11.847617+00;
763;1745;837;;BACKUP/RESTORE DATABASE;true;2026-01-30 07:04:11.847617+00;;2026-01-30 07:04:11.847617+00;
764;1746;837;;REPORTS;true;2026-01-30 07:04:11.847617+00;;2026-01-30 07:04:11.847617+00;
765;1747;837;;SETTINGS;true;2026-01-30 07:04:11.847617+00;;2026-01-30 07:04:11.847617+00;
766;1748;825;;DASHBOARD;true;2026-01-30 07:04:11.847617+00;;2026-01-30 07:04:11.847617+00;
767;1749;825;;EMPLOYER DETAILS;true;2026-01-30 07:04:11.847617+00;;2026-01-30 07:04:11.847617+00;
768;1750;825;;EMPLOYEE;true;2026-01-30 07:04:11.847617+00;;2026-01-30 07:04:11.847617+00;
769;1751;825;;USER MANAGEMENT;true;2026-01-30 07:04:11.847617+00;;2026-01-30 07:04:11.847617+00;
770;1752;825;;PAYROLL PROCESS;true;2026-01-30 07:04:11.847617+00;;2026-01-30 07:04:11.847617+00;
771;1753;825;;WAGES / CONTRIBUTION;true;2026-01-30 07:04:11.847617+00;;2026-01-30 07:04:11.847617+00;
772;1754;825;;BACKUP/RESTORE DATABASE;true;2026-01-30 07:04:11.847617+00;;2026-01-30 07:04:11.847617+00;
773;1755;825;;REPORTS;true;2026-01-30 07:04:11.847617+00;;2026-01-30 07:04:11.847617+00;
774;1756;825;;SETTINGS;true;2026-01-30 07:04:11.847617+00;;2026-01-30 07:04:11.847617+00;
775;1757;807;;DASHBOARD;true;2026-01-30 07:04:11.847617+00;;2026-01-30 07:04:11.847617+00;
776;1758;807;;EMPLOYER DETAILS;true;2026-01-30 07:04:11.847617+00;;2026-01-30 07:04:11.847617+00;
777;1759;807;;EMPLOYEE;true;2026-01-30 07:04:11.847617+00;;2026-01-30 07:04:11.847617+00;
778;1760;807;;USER MANAGEMENT;true;2026-01-30 07:04:11.847617+00;;2026-01-30 07:04:11.847617+00;
779;1761;807;;PAYROLL PROCESS;true;2026-01-30 07:04:11.847617+00;;2026-01-30 07:04:11.847617+00;
780;1762;807;;WAGES / CONTRIBUTION;true;2026-01-30 07:04:11.847617+00;;2026-01-30 07:04:11.847617+00;
781;1763;807;;BACKUP/RESTORE DATABASE;true;2026-01-30 07:04:11.847617+00;;2026-01-30 07:04:11.847617+00;
782;1764;807;;REPORTS;true;2026-01-30 07:04:11.847617+00;;2026-01-30 07:04:11.847617+00;
783;1765;807;;SETTINGS;true;2026-01-30 07:04:11.847617+00;;2026-01-30 07:04:11.847617+00;
784;1766;808;;DASHBOARD;true;2026-01-30 07:04:11.847617+00;;2026-01-30 07:04:11.847617+00;
785;1767;808;;EMPLOYER DETAILS;true;2026-01-30 07:04:11.847617+00;;2026-01-30 07:04:11.847617+00;
786;1768;808;;EMPLOYEE;true;2026-01-30 07:04:11.847617+00;;2026-01-30 07:04:11.847617+00;
787;1769;808;;USER MANAGEMENT;true;2026-01-30 07:04:11.847617+00;;2026-01-30 07:04:11.847617+00;
788;1770;808;;PAYROLL PROCESS;true;2026-01-30 07:04:11.847617+00;;2026-01-30 07:04:11.847617+00;
789;1771;808;;WAGES / CONTRIBUTION;true;2026-01-30 07:04:11.847617+00;;2026-01-30 07:04:11.847617+00;
790;1772;808;;BACKUP/RESTORE DATABASE;true;2026-01-30 07:04:11.847617+00;;2026-01-30 07:04:11.847617+00;
791;1773;808;;REPORTS;true;2026-01-30 07:04:11.847617+00;;2026-01-30 07:04:11.847617+00;
792;1774;808;;SETTINGS;true;2026-01-30 07:04:11.847617+00;;2026-01-30 07:04:11.847617+00;
793;1775;809;;DASHBOARD;true;2026-01-30 07:04:11.847617+00;;2026-01-30 07:04:11.847617+00;
794;1776;809;;EMPLOYER DETAILS;true;2026-01-30 07:04:11.847617+00;;2026-01-30 07:04:11.847617+00;
795;1777;809;;EMPLOYEE;true;2026-01-30 07:04:11.847617+00;;2026-01-30 07:04:11.847617+00;
796;1778;809;;USER MANAGEMENT;true;2026-01-30 07:04:11.847617+00;;2026-01-30 07:04:11.847617+00;
797;1779;809;;PAYROLL PROCESS;true;2026-01-30 07:04:11.847617+00;;2026-01-30 07:04:11.847617+00;
798;1780;809;;WAGES / CONTRIBUTION;true;2026-01-30 07:04:11.847617+00;;2026-01-30 07:04:11.847617+00;
799;1781;809;;BACKUP/RESTORE DATABASE;true;2026-01-30 07:04:11.847617+00;;2026-01-30 07:04:11.847617+00;
800;1782;809;;REPORTS;true;2026-01-30 07:04:11.847617+00;;2026-01-30 07:04:11.847617+00;
801;1783;809;;SETTINGS;true;2026-01-30 07:04:11.847617+00;;2026-01-30 07:04:11.847617+00;
802;1784;810;;DASHBOARD;true;2026-01-30 07:04:11.847617+00;;2026-01-30 07:04:11.847617+00;
803;1785;810;;EMPLOYER DETAILS;true;2026-01-30 07:04:11.847617+00;;2026-01-30 07:04:11.847617+00;
804;1786;810;;EMPLOYEE;true;2026-01-30 07:04:11.847617+00;;2026-01-30 07:04:11.847617+00;
805;1787;810;;USER MANAGEMENT;true;2026-01-30 07:04:11.847617+00;;2026-01-30 07:04:11.847617+00;
806;1788;810;;PAYROLL PROCESS;true;2026-01-30 07:04:11.847617+00;;2026-01-30 07:04:11.847617+00;
807;1789;810;;WAGES / CONTRIBUTION;true;2026-01-30 07:04:11.847617+00;;2026-01-30 07:04:11.847617+00;
808;1790;810;;BACKUP/RESTORE DATABASE;true;2026-01-30 07:04:11.847617+00;;2026-01-30 07:04:11.847617+00;
809;1791;810;;REPORTS;true;2026-01-30 07:04:11.847617+00;;2026-01-30 07:04:11.847617+00;
810;1792;810;;SETTINGS;true;2026-01-30 07:04:11.847617+00;;2026-01-30 07:04:11.847617+00;
811;1793;833;;DASHBOARD;true;2026-01-30 07:04:11.847617+00;;2026-01-30 07:04:11.847617+00;
812;1794;833;;EMPLOYER DETAILS;true;2026-01-30 07:04:11.847617+00;;2026-01-30 07:04:11.847617+00;
813;1795;833;;EMPLOYEE;true;2026-01-30 07:04:11.847617+00;;2026-01-30 07:04:11.847617+00;
814;1796;833;;USER MANAGEMENT;true;2026-01-30 07:04:11.847617+00;;2026-01-30 07:04:11.847617+00;
815;1797;833;;PAYROLL PROCESS;true;2026-01-30 07:04:11.847617+00;;2026-01-30 07:04:11.847617+00;
816;1798;833;;WAGES / CONTRIBUTION;true;2026-01-30 07:04:11.847617+00;;2026-01-30 07:04:11.847617+00;
817;1799;833;;BACKUP/RESTORE DATABASE;true;2026-01-30 07:04:11.847617+00;;2026-01-30 07:04:11.847617+00;
818;1800;833;;REPORTS;true;2026-01-30 07:04:11.847617+00;;2026-01-30 07:04:11.847617+00;
819;1801;833;;SETTINGS;true;2026-01-30 07:04:11.847617+00;;2026-01-30 07:04:11.847617+00;
820;1802;826;;DASHBOARD;true;2026-01-30 07:04:11.847617+00;;2026-01-30 07:04:11.847617+00;
821;1803;826;;EMPLOYER DETAILS;true;2026-01-30 07:04:11.847617+00;;2026-01-30 07:04:11.847617+00;
822;1804;826;;EMPLOYEE;true;2026-01-30 07:04:11.847617+00;;2026-01-30 07:04:11.847617+00;
823;1805;826;;USER MANAGEMENT;true;2026-01-30 07:04:11.847617+00;;2026-01-30 07:04:11.847617+00;
824;1806;826;;PAYROLL PROCESS;true;2026-01-30 07:04:11.847617+00;;2026-01-30 07:04:11.847617+00;
825;1807;826;;WAGES / CONTRIBUTION;true;2026-01-30 07:04:11.847617+00;;2026-01-30 07:04:11.847617+00;
826;1808;826;;BACKUP/RESTORE DATABASE;true;2026-01-30 07:04:11.847617+00;;2026-01-30 07:04:11.847617+00;
827;1809;826;;REPORTS;true;2026-01-30 07:04:11.847617+00;;2026-01-30 07:04:11.847617+00;
828;1810;826;;SETTINGS;true;2026-01-30 07:04:11.847617+00;;2026-01-30 07:04:11.847617+00;
829;1811;;;DASHBOARD;true;2026-01-30 07:04:11.847617+00;;2026-01-30 07:04:11.847617+00;
830;1812;;;EMPLOYER DETAILS;true;2026-01-30 07:04:11.847617+00;;2026-01-30 07:04:11.847617+00;
831;1813;;;EMPLOYEE;true;2026-01-30 07:04:11.847617+00;;2026-01-30 07:04:11.847617+00;
832;1814;;;USER MANAGEMENT;true;2026-01-30 07:04:11.847617+00;;2026-01-30 07:04:11.847617+00;
833;1815;;;PAYROLL PROCESS;true;2026-01-30 07:04:11.847617+00;;2026-01-30 07:04:11.847617+00;
834;1816;;;WAGES / CONTRIBUTION;true;2026-01-30 07:04:11.847617+00;;2026-01-30 07:04:11.847617+00;
835;1817;;;BACKUP/RESTORE DATABASE;true;2026-01-30 07:04:11.847617+00;;2026-01-30 07:04:11.847617+00;
836;1818;;;REPORTS;true;2026-01-30 07:04:11.847617+00;;2026-01-30 07:04:11.847617+00;
837;1819;;;SETTINGS;true;2026-01-30 07:04:11.847617+00;;2026-01-30 07:04:11.847617+00;
838;1820;8;;DASHBOARD;true;2026-01-30 07:04:11.847617+00;;2026-01-30 07:04:11.847617+00;
839;1821;8;;EMPLOYER DETAILS;true;2026-01-30 07:04:11.847617+00;;2026-01-30 07:04:11.847617+00;
840;1822;8;;EMPLOYEE;true;2026-01-30 07:04:11.847617+00;;2026-01-30 07:04:11.847617+00;
841;1823;8;;USER MANAGEMENT;true;2026-01-30 07:04:11.847617+00;;2026-01-30 07:04:11.847617+00;
842;1824;8;;PAYROLL PROCESS;true;2026-01-30 07:04:11.847617+00;;2026-01-30 07:04:11.847617+00;
843;1825;8;;WAGES / CONTRIBUTION;true;2026-01-30 07:04:11.847617+00;;2026-01-30 07:04:11.847617+00;
844;1826;8;;BACKUP/RESTORE DATABASE;true;2026-01-30 07:04:11.847617+00;;2026-01-30 07:04:11.847617+00;
845;1827;8;;REPORTS;true;2026-01-30 07:04:11.847617+00;;2026-01-30 07:04:11.847617+00;
846;1828;8;;SETTINGS;true;2026-01-30 07:04:11.847617+00;;2026-01-30 07:04:11.847617+00;
847;1829;1024;;DASHBOARD;true;2026-01-30 07:04:11.847617+00;;2026-01-30 07:04:11.847617+00;
848;1830;1024;;EMPLOYER DETAILS;true;2026-01-30 07:04:11.847617+00;;2026-01-30 07:04:11.847617+00;
849;1831;1024;;EMPLOYEE;true;2026-01-30 07:04:11.847617+00;;2026-01-30 07:04:11.847617+00;
850;1832;1024;;USER MANAGEMENT;true;2026-01-30 07:04:11.847617+00;;2026-01-30 07:04:11.847617+00;
851;1833;1024;;PAYROLL PROCESS;true;2026-01-30 07:04:11.847617+00;;2026-01-30 07:04:11.847617+00;
852;1834;1024;;WAGES / CONTRIBUTION;true;2026-01-30 07:04:11.847617+00;;2026-01-30 07:04:11.847617+00;
853;1835;1024;;BACKUP/RESTORE DATABASE;true;2026-01-30 07:04:11.847617+00;;2026-01-30 07:04:11.847617+00;
854;1836;1024;;REPORTS;true;2026-01-30 07:04:11.847617+00;;2026-01-30 07:04:11.847617+00;
855;1837;1024;;SETTINGS;true;2026-01-30 07:04:11.847617+00;;2026-01-30 07:04:11.847617+00;